NSC #,BR:MCF7,BR:MDA-MB-231,BR:HS 578T,BR:BT-549,BR:T-47D,CNS:SF-268,CNS:SF-295,CNS:SF-539,CNS:SNB-19,CNS:SNB-75,CNS:U251,CO:COLO 205,CO:HCC-2998,CO:HCT-116,CO:HCT-15,CO:HT29,CO:KM12,CO:SW-620,LE:CCRF-CEM,LE:HL-60(TB),LE:K-562,LE:MOLT-4,LE:RPMI-8226,LE:SR,ME:LOX IMVI,ME:MALME-3M,ME:M14,ME:SK-MEL-2,ME:SK-MEL-28,ME:SK-MEL-5,ME:UACC-257,ME:UACC-62,ME:MDA-MB-435,ME:MDA-N,LC:A549/ATCC,LC:EKVX,LC:HOP-62,LC:HOP-92,LC:NCI-H226,LC:NCI-H23,LC:NCI-H322M,LC:NCI-H460,LC:NCI-H522,OV:IGROV1,OV:OVCAR-3,OV:OVCAR-4,OV:OVCAR-5,OV:OVCAR-8,OV:SK-OV-3,OV:NCI/ADR-RES,PR:PC-3,PR:DU-145,RE:786-0,RE:A498,RE:ACHN,RE:CAKI-1,RE:RXF 393,RE:SN12C,RE:TK-10,RE:UO-31,Drug name,PubChem SID,mean_pGI50,mean_BR,mean_LC,mean_CO,mean_ME,mean_OV,mean_RE,mean_PR,mean_LE,max_cancer,min_cancer,selectivity,sensitive_cancer,resistant_cancer,smiles
739,8.0,5.16,5.08,6.67,4.57,8.0,7.75,8.0,7.35,4.23,8.0,7.26,8.0,8.0,8.0,8.0,8.0,8.0,8.0,8.0,8.0,8.0,7.5,8.0,8.0,6.04,8.0,4.0,4.0,7.39,7.14,8.0,8.0,,8.0,7.3,8.0,4.0,8.0,7.89,5.74,8.0,7.09,8.0,7.4,8.0,7.35,8.0,8.0,8.0,8.0,8.0,8.0,7.53,8.0,8.0,4.0,8.0,4.0,8.0,aminopterin,67626.0,7.2277966101694915,5.896000000000001,7.113333333333334,7.894285714285714,6.73,7.821428571428571,6.94125,8.0,7.916666666666667,8.0,5.896000000000001,2.103999999999999,PR,BR,C1=CC(=CC=C1C(=O)NC(CCC(=O)O)C(=O)O)NCC2=CN=C3C(=N2)C(=NC(=N3)N)N
740,7.599999999999999,3.5999999999999996,3.5999999999999996,4.72,5.16,7.599999999999999,7.599999999999999,7.599999999999999,3.5999999999999996,3.79,7.599999999999999,5.44,7.599999999999999,8.29,7.599999999999999,7.599999999999999,7.599999999999999,7.599999999999999,7.599999999999999,7.599999999999999,7.599999999999999,7.599999999999999,7.599999999999999,8.41,6.31,7.05,7.599999999999999,3.5999999999999996,5.84,7.599999999999999,6.59,7.319999999999999,7.599999999999999,7.599999999999999,7.599999999999999,4.91,7.599999999999999,7.13,3.5999999999999996,7.599999999999999,5.0,7.599999999999999,7.599999999999999,7.599999999999999,5.79,3.5999999999999996,7.37,7.599999999999999,5.56,3.5999999999999996,7.599999999999999,7.599999999999999,7.599999999999999,7.599999999999999,7.599999999999999,6.64,3.5999999999999996,7.599999999999999,4.68,4.38,Methotrexate,67627.0,6.539666666666666,4.936,6.515555555555554,7.39,6.711,5.874285714285714,6.2124999999999995,7.599999999999999,7.734999999999999,7.734999999999999,4.936,2.7989999999999995,LE,BR,CN(CC1=CN=C2C(=N1)C(=NC(=N2)N)N)C3=CC=C(C=C3)C(=O)NC(CCC(=O)O)C(=O)O
4320,8.0,9.76,8.0,8.0,10.26,10.93,10.69,10.69,8.0,8.0,10.39,9.96,8.0,11.01,8.0,8.0,10.04,10.5,8.0,8.0,8.0,8.0,10.43,8.0,10.58,10.57,8.0,8.0,10.19,10.58,10.09,10.21,8.0,10.4,11.35,11.160000000000002,10.9,10.23,8.0,8.0,10.800000000000002,11.04,11.160000000000002,8.0,8.0,8.0,10.45,10.48,10.37,10.94,8.0,8.0,8.0,10.24,11.04,10.87,8.0,8.0,10.61,10.46,Strophanthin,70646.0,9.456333333333333,8.803999999999998,10.293333333333333,9.358571428571427,9.662,9.462857142857144,9.6525,8.0,8.405,10.293333333333333,8.0,2.293333333333333,LC,PR,CC1C(C(CC(O1)OC2CCC3(C4CCC5(C(CCC5(C4CCC3(C2)O)O)C6=CC(=O)OC6)C)C=O)OC)OC7C(C(C(C(O7)CO)O)O)O
7525,7.599999999999999,9.41,,,8.67,7.599999999999999,7.599999999999999,10.0,7.599999999999999,7.599999999999999,7.599999999999999,7.599999999999999,7.599999999999999,7.599999999999999,7.599999999999999,7.599999999999999,7.599999999999999,7.599999999999999,7.599999999999999,7.599999999999999,7.599999999999999,7.599999999999999,7.599999999999999,10.0,7.599999999999999,9.2,9.02,7.599999999999999,7.599999999999999,7.599999999999999,7.599999999999999,7.599999999999999,9.34,,7.599999999999999,7.599999999999999,7.599999999999999,7.599999999999999,7.599999999999999,7.599999999999999,7.599999999999999,7.599999999999999,7.599999999999999,7.599999999999999,7.599999999999999,7.599999999999999,7.599999999999999,7.599999999999999,7.599999999999999,7.599999999999999,9.72,10.0,10.0,7.599999999999999,10.0,7.599999999999999,7.599999999999999,7.599999999999999,10.0,10.0,transvaalin,73371.0,8.065964912280702,8.56,7.599999999999999,7.6,8.128888888888888,7.6,8.799999999999999,9.86,7.999999999999999,9.86,7.599999999999999,2.2600000000000007,PR,LC,CC1C(C(C(C(O1)OC2CCC3(C4CCC5(C(CCC5(C4CCC3=C2)O)C6=COC(=O)C=C6)C)C)O)OC7C(C(C(C(O7)CO)O)O)O)O
19912,8.3,12.0,,,12.0,8.3,12.0,8.3,12.0,8.3,8.3,8.3,8.3,8.3,12.0,8.3,8.3,8.3,8.3,8.3,12.0,8.3,8.3,12.0,8.3,8.3,12.0,8.3,8.3,12.0,8.3,8.3,12.0,12.0,8.3,12.0,8.3,12.0,12.0,8.3,8.3,8.3,8.3,8.3,12.0,8.3,8.3,8.3,8.3,8.3,12.0,12.0,12.0,8.3,12.0,8.3,8.3,8.3,12.0,8.3,Cryptopleurine,82656.0,9.575862068965515,10.766666666666666,9.533333333333333,8.828571428571427,9.780000000000001,8.828571428571427,9.6875,12.0,9.533333333333333,12.0,8.828571428571427,3.1714285714285726,PR,CO,COC1=CC2=C(C=C1)C3=C(CC4CCCCN4C3)C5=CC(=C(C=C52)OC)OC
26540,5.69,6.56,6.3,6.7,6.23,5.68,5.67,5.81,5.94,5.88,5.69,6.36,5.46,6.93,5.84,6.57,6.01,7.63,7.93,7.85,7.89,8.0,8.0,8.0,6.68,6.72,6.42,6.35,6.51,6.65,6.49,6.32,6.27,5.8,5.82,6.2,5.73,6.62,5.61,6.28,5.82,6.15,5.75,6.78,6.78,7.23,6.11,5.82,5.07,5.75,6.23,5.55,6.53,5.64,6.43,8.0,6.3,6.42,5.97,5.85,"2-methyl-4,5,6-trichloropyrimidine",87401.0,6.387833333333335,6.296,5.997777777777778,6.4,6.420999999999999,6.22,6.3925,5.890000000000001,7.945,7.945,5.890000000000001,2.0549999999999997,LE,PR,CC1=NC(=C(C(=N1)Cl)Cl)Cl
29630,8.0,4.0,5.09,4.36,4.0,7.55,7.7,8.0,7.64,7.95,7.37,7.07,7.66,8.0,8.0,8.0,8.0,8.0,8.0,8.0,8.0,8.0,8.0,8.0,8.0,4.04,8.0,4.0,6.5,7.29,4.0,7.95,8.0,,8.0,4.8,7.18,4.15,7.13,7.76,7.88,8.0,7.43,8.0,7.04,6.83,4.15,8.0,5.58,8.0,8.0,8.0,8.0,7.47,8.0,8.0,5.14,8.0,4.17,8.0,dichloroamethopterin,89195.0,7.031864406779662,5.09,6.925555555555556,7.818571428571429,6.42,6.799999999999999,7.0975,8.0,8.0,8.0,5.09,2.91,PR,BR,CN(CC1=CN=C2C(=N1)C(=NC(=N2)N)N)C3=C(C=C(C=C3Cl)C(=O)NC(CCC(=O)O)C(=O)O)Cl
63701,7.349999999999999,10.0,,10.0,,7.349999999999999,7.349999999999999,8.35,6.510000000000001,7.54,6.71,7.349999999999999,7.05,8.35,7.63,7.73,7.419999999999999,7.349999999999999,7.349999999999999,8.36,7.349999999999999,7.66,7.489999999999999,10.0,7.349999999999999,8.35,9.75,7.489999999999999,7.23,7.349999999999999,7.349999999999999,8.35,10.0,10.0,7.0,7.349999999999999,7.349999999999999,12.35,7.41,7.07,7.349999999999999,7.349999999999999,7.349999999999999,8.35,7.56,7.419999999999999,6.68,7.349999999999999,7.349999999999999,8.35,10.0,10.0,10.0,7.349999999999999,10.0,8.35,7.5,7.23,9.39,7.260000000000001,vengicide,110120.0,8.037758620689655,9.116666666666665,7.842222222222222,7.554285714285714,8.322,7.58,8.385000000000002,10.0,8.034999999999998,10.0,7.554285714285714,2.4457142857142857,PR,CO,C1=C(C2=C(N=CN=C2N1C3C(C(C(O3)CO)O)O)N)C#N
65104,8.21,11.0,6.76,11.0,6.5,6.6,10.0,8.3,10.0,11.0,8.3,8.3,10.0,8.3,7.379999999999999,11.0,8.3,8.3,7.1,8.3,7.55,8.92,8.3,6.370000000000001,10.0,8.3,11.0,11.0,7.69,8.3,9.94,8.3,11.0,11.0,8.3,8.3,10.0,8.3,10.0,11.0,8.3,8.3,9.63,8.3,10.0,10.0,8.3,8.3,9.84,8.3,11.0,11.0,6.65,8.3,11.0,11.0,10.0,8.24,6.75,8.3,septacidin,301149.0,8.9955,8.693999999999999,9.125555555555556,8.797142857142857,9.653,9.005714285714287,8.780000000000001,11.0,7.756666666666668,11.0,7.756666666666668,3.2433333333333323,PR,LE,CC(C)CCCCCCCCCCCCC(=O)NCC(=O)NC1C(C(C(OC1C(CO)O)NC2=NC=NC3=C2NC=N3)O)O
67574,9.0,7.0,7.0,7.0,3.9700000000000006,7.0,7.0,7.0,7.52,6.34,7.0,7.0,7.0,7.0,7.0,7.0,7.0,7.0,7.0,7.0,7.0,7.0,7.0,7.0,9.0,5.71,7.0,7.0,7.0,7.0,7.0,7.0,7.0,7.0,8.46,7.0,7.0,7.0,7.0,7.0,7.0,7.0,5.0,7.0,7.0,7.0,5.33,7.0,5.34,7.0,9.0,9.0,7.0,7.0,7.0,7.0,7.0,8.31,7.0,5.71,Vincristine,112141.0,6.994833333333333,6.794,6.94,7.0,7.071000000000001,6.524285714285715,7.0025,9.0,7.0,9.0,6.524285714285715,2.475714285714285,PR,OV,CCC1(CC2CC(C3=C(CCN(C2)C1)C4=CC=CC=C4N3)(C5=C(C=C6C(=C5)C78CCN9C7C(C=CC9)(C(C(C8N6C=O)(C(=O)OC)O)OC(=O)C)CC)OC)C(=O)OC)O.OS(=O)(=O)O
76455,8.6,,,,,5.24,8.6,5.42,8.6,6.18,8.6,7.79,6.61,5.59,5.55,5.52,5.56,5.53,8.6,8.6,8.6,8.6,8.6,,5.56,5.61,,5.49,5.43,8.6,8.6,5.52,,,8.6,8.6,8.6,8.6,8.6,8.6,5.4,8.5,8.6,5.37,8.6,8.6,5.48,8.6,5.3,6.31,,,,5.32,,5.49,5.34,5.47,,8.6,peliomycin (usan),117640.0,7.101702127659575,8.6,8.233333333333333,6.021428571428572,6.401428571428572,6.894285714285714,6.044,,8.6,8.6,6.021428571428572,2.5785714285714274,BR,CO,
102815,3.82,,,,,6.31,6.510000000000001,3.82,6.62,6.55,6.41,6.45,6.77,5.739999999999999,6.12,6.55,6.36,6.760000000000001,6.66,7.03,6.419999999999999,6.419999999999999,6.66,,,5.68,,6.56,6.260000000000001,6.43,6.34,6.56,,,6.349999999999999,6.91,7.02,7.82,6.510000000000001,6.32,6.55,6.72,6.18,6.43,6.46,6.400000000000001,6.29,6.68,6.400000000000001,5.68,,,,6.54,,6.59,6.44,6.330000000000001,,5.82,daunomycin compound d,405113.0,6.353260869565216,3.82,6.70888888888889,6.392857142857143,6.305,6.3342857142857145,6.344,,6.638,6.70888888888889,3.82,2.8888888888888897,LC,BR,CC1(CC(C2=C(C3=C(C=C2C1C(=O)OC)C(=O)C4=C5C(=CC(=C4C3=O)O)C6(C(C(C(C(O5)O6)O)N(C)C)O)C)O)OC)O
122870,7.0,3.0,4.0,4.0,4.0,7.0,7.0,7.0,7.04,4.17,6.65,7.08,7.0,7.0,8.0,8.0,7.0,7.0,7.0,7.0,8.0,7.41,8.0,7.0,7.0,4.51,4.0,4.0,4.0,7.0,7.0,7.0,8.0,8.0,7.0,3.0,7.0,3.0,4.0,7.23,8.0,7.0,6.24,7.0,8.0,4.0,7.0,7.0,6.84,7.0,8.0,8.0,7.0,7.0,7.0,7.0,5.3,7.3,8.0,7.49,methasquin,556680.0,6.471,4.4,5.830000000000001,7.297142857142857,6.051,6.691428571428572,7.01125,8.0,7.401666666666666,8.0,4.4,3.5999999999999996,PR,BR,CC1=C(C=CC2=C1C(=NC(=N2)N)N)CNC3=CC=C(C=C3)C(=O)NC(CC(=O)O)C(=O)O
134033,7.6,3.47,4.0,4.59,6.28,6.72,7.55,7.3,6.13,5.36,8.0,6.34,6.88,7.3,7.34,8.0,7.61,7.3,8.0,4.85,7.15,7.88,5.56,7.3,8.0,3.3,7.13,4.0,6.25,7.3,6.89,7.3,8.0,8.0,7.54,3.3,6.26,4.12,4.0,7.35,7.15,7.3,6.24,3.65,6.21,4.0,7.06,7.3,6.0,7.3,8.0,7.3,8.0,7.3,7.6,7.3,4.46,6.7,7.09,6.63,Aminopterin Derivative,558223.0,6.497333333333332,5.188000000000001,5.917777777777777,7.252857142857143,6.617,5.931428571428571,6.885,7.65,6.789999999999999,7.65,5.188000000000001,2.4619999999999997,PR,BR,C1=CC2=C(C=C1CNC3=CC(=C(C=C3)C(=O)NC(CC(=O)O)C(=O)O)Cl)C(=NC(=N2)N)N
144698,8.0,5.27,4.0,,4.0,8.0,8.0,8.0,4.32,4.0,8.0,8.0,8.0,8.0,8.0,8.0,8.0,8.0,8.0,8.0,8.0,8.0,8.0,8.0,8.0,4.0,4.0,4.0,4.0,8.0,4.59,8.0,8.0,,8.0,4.0,8.0,4.0,8.0,8.0,4.18,8.0,8.0,8.0,4.0,4.0,8.0,8.0,4.0,8.0,8.0,8.0,8.0,8.0,8.0,8.0,4.0,8.0,4.21,8.0,-,428730.0,6.802931034482759,5.3175,6.6866666666666665,8.0,5.843333333333334,6.285714285714286,7.02625,8.0,8.0,8.0,5.3175,2.6825,CO,BR,CN(CC1=CN=C2C(=N1)C(=NC(=N2)N)N)C3=C(C=C(C=C3)C(=O)NC(CCC(=O)O)C(=O)O)C(F)(F)F
152731,8.06,,,,,6.69,5.96,6.05,5.69,5.69,5.86,5.89,5.67,5.99,5.89,5.69,5.87,6.33,7.81,8.06,6.28,7.459999999999999,5.98,,6.88,5.69,,5.8,5.75,6.05,5.75,5.86,,,5.86,6.49,5.77,5.53,6.1,6.58,5.84,6.74,5.87,5.85,5.75,5.56,5.69,6.39,5.79,6.07,,,,5.74,,6.1,6.529999999999999,6.540000000000001,,5.79,"6h-pyrido[4,3-b]carbazole, 5,11-dimethyl-6-(oxiranylmeth...",432846.0,6.154893617021277,8.06,6.086666666666666,5.904285714285714,5.968571428571429,5.871428571428572,6.14,,7.118,8.06,5.871428571428572,2.1885714285714286,BR,OV,CC1=C2C=CN=CC2=C(C3=C1N(C4=CC=CC=C43)CC5CO5)C
153858,10.56,7.71,8.0,10.88,7.0,7.6,13.0,8.0,7.6,7.6,13.0,7.6,12.97,7.6,8.0,8.0,13.0,7.6,8.0,7.6,7.6,6.68,13.0,8.0,13.0,3.6,9.85,7.6,11.0,8.0,9.57,3.6,11.0,7.99,11.0,8.0,8.0,8.0,9.88,7.6,11.0,8.0,10.56,7.79,8.0,7.24,9.0,7.6,9.0,8.0,8.0,6.41,11.0,7.6,8.0,7.6,8.0,8.0,7.0,4.0,Maytansine,433255.0,8.601499999999998,8.83,9.115555555555556,9.252857142857142,8.520999999999999,8.09,7.65,7.205,8.479999999999999,9.252857142857142,7.205,2.0478571428571417,CO,PR,CC1C2CC(C(C=CC=C(CC3=CC(=C(C(=C3)OC)Cl)N(C(=O)CC(C4(C1O4)C)OC(=O)C(C)N(C)C(=O)C)C)C)OC)(NC(=O)O2)O
175636,7.13,8.08,9.21,,4.69,8.46,9.29,8.0,8.72,9.79,8.0,8.62,7.98,9.04,8.75,8.0,8.66,8.78,9.21,9.88,10.0,8.76,,9.64,9.32,8.76,8.94,8.69,8.0,8.97,,9.67,10.0,8.0,8.0,8.63,8.58,6.0,8.37,7.96,6.2,8.42,9.26,7.74,8.8,6.49,7.54,8.03,8.98,8.95,8.78,8.0,8.0,8.85,8.57,8.93,8.4,8.0,,8.5,"4(1h)-quinazolinone, 6-chloro-2,3-dihydro-2-(1-naphthale...",445485.0,8.446785714285713,7.277500000000001,7.935555555555556,8.547142857142857,8.927777777777777,8.075714285714286,8.464285714285714,8.39,9.498000000000001,9.498000000000001,7.277500000000001,2.2205000000000004,LE,BR,C1=CC=C2C(=C1)C=CC=C2C3NC4=C(C=C(C=C4)Cl)C(=O)N3
184692,7.22,3.0,3.0,3.16,4.69,8.0,7.1,8.0,4.0,4.0,6.54,4.04,7.04,7.0,7.36,7.25,6.27,8.0,7.79,8.0,8.0,7.22,5.21,7.0,7.37,6.75,8.0,3.0,4.72,7.0,4.0,8.0,8.0,7.0,7.32,4.79,6.49,4.88,4.0,6.61,4.0,7.0,6.25,7.0,4.31,4.94,5.22,8.0,4.0,7.7,8.0,6.83,7.0,4.0,7.0,7.0,4.0,6.62,3.0,6.38,Aminopterin Derivative,564734.0,6.0845,4.214,5.704444444444444,6.708571428571427,6.384,5.881428571428572,5.625,7.415,7.203333333333333,7.415,4.214,3.2009999999999996,PR,BR,CCC1=C(C=CC2=C1C(=NC(=N2)N)N)CNC3=CC=C(C=C3)C(=O)NC(CC(=O)O)C(=O)O
208652,,5.82,5.8,5.349999999999999,5.16,8.0,8.0,8.0,6.260000000000001,5.8,8.0,7.28,7.78,8.0,8.0,8.0,7.77,8.0,8.0,8.0,8.0,5.81,7.12,6.29,8.0,5.669999999999999,8.0,5.02,6.69,8.0,6.86,8.0,8.0,8.0,8.0,5.760000000000001,8.0,6.46,4.79,7.97,7.580000000000001,8.0,8.0,8.0,7.099999999999999,5.75,8.0,8.0,5.73,8.0,8.0,6.830000000000001,8.0,7.03,8.0,8.0,8.0,4.95,5.919999999999999,8.0,"2,4-quinazolinediamine, 5-chloro-6-[[(3,4-dichlorophenyl...",125713.0,7.192372881355933,5.5325,7.173333333333334,7.832857142857143,7.223999999999999,7.225714285714285,7.2375,7.415000000000001,7.203333333333333,7.832857142857143,5.5325,2.300357142857143,CO,BR,C1=CC(=C(C=C1NCC2=C(C3=C(C=C2)N=C(N=C3N)N)Cl)Cl)Cl
254681,9.0,8.0,8.91,8.0,8.33,7.01,9.0,8.52,9.0,8.0,6.659999999999999,6.01,9.0,8.0,5.29,8.0,9.0,6.88,13.0,8.0,9.0,8.0,9.0,9.33,9.0,8.0,6.05,8.0,9.0,6.970000000000001,9.0,6.790000000000001,5.96,8.0,9.0,5.87,9.0,8.18,9.0,8.0,9.0,4.0,9.0,8.0,9.0,8.0,6.34,6.519999999999999,9.0,8.0,6.33,8.41,6.779999999999999,4.0,8.0,8.0,5.9,8.0,5.91,5.49,12-iminodaunorubicin hcl,569186.0,7.807333333333333,8.447999999999999,7.894444444444444,7.454285714285715,7.677,7.837142857142857,6.51,7.37,9.388333333333334,9.388333333333334,6.51,2.878333333333334,LE,RE,CC1C(C(CC(O1)OC2CC(CC3=C2C(=C4C(=C3O)C(=O)C5=C(C4=N)C(=CC=C5)OC)O)(C(=O)C)O)N)O.Cl
265450,7.28,8.890000000000002,10.24,9.59,10.54,8.0,6.8,8.0,7.820000000000001,7.55,7.820000000000001,7.73,7.0,8.0,6.58,7.58,7.51,7.51,7.820000000000001,8.0,7.54,8.0,7.820000000000001,8.0,6.54,8.0,8.0,8.0,7.4,7.52,7.22,8.0,8.99,9.28,7.37,7.15,7.36,8.0,7.34,8.0,7.48,7.820000000000001,7.820000000000001,8.0,7.27,6.72,6.84,7.820000000000001,6.81,5.59,9.69,9.09,8.0,7.5,8.0,8.0,7.61,6.83,8.0,8.82,Nogamycin,139837.0,7.825,9.308,7.593333333333334,7.4157142857142855,7.8950000000000005,7.007142857142857,7.845000000000001,9.39,7.863333333333333,9.39,7.007142857142857,2.3828571428571435,PR,OV,CC1C(C(C(C(O1)OC2CC(CC3=CC4=C(C(=C23)O)C(=O)C5=C(C=C6C(=C5C4=O)OC7C(C(C(C6(O7)C)O)N(C)C)O)O)(C)O)OC)(C)OC)OC
292567,5.599999999999999,5.78,4.53,5.43,4.76,5.669999999999999,5.84,6.8,6.3,6.77,7.150000000000001,8.0,5.75,5.21,6.080000000000001,6.989999999999999,6.44,6.03,8.0,8.0,7.57,6.55,7.23,7.19,5.86,7.25,5.98,6.56,5.09,7.169999999999999,7.18,6.0,5.669999999999999,6.12,7.21,6.419999999999999,6.19,5.04,5.59,7.0,5.59,6.150000000000001,6.760000000000001,5.580000000000001,7.0,5.77,4.72,4.65,4.47,5.71,5.43,4.37,6.599999999999999,6.93,5.34,5.77,7.849999999999999,6.580000000000001,5.27,6.34,nigericin,572042.0,6.181333333333332,5.220000000000001,6.216666666666666,6.357142857142857,6.287999999999999,5.414285714285714,6.334999999999999,4.9,7.423333333333333,7.423333333333333,4.9,2.5233333333333325,LE,PR,CC1CCC(OC1C(C)C(=O)O)CC2CC(C(C3(O2)C(CC(O3)(C)C4CCC(O4)(C)C5C(CC(O5)C6C(CC(C(O6)(CO)O)C)C)C)C)C)OC
299117,4.0,4.0,,7.13,6.82,5.66,7.89,7.07,4.0,8.0,6.42,8.0,5.61,8.0,6.33,8.0,8.0,7.39,8.0,8.0,8.0,8.0,8.0,8.0,8.0,,7.48,6.56,4.0,8.0,7.05,8.0,8.0,7.59,6.9,5.27,6.16,5.6,7.45,7.19,4.42,8.0,6.4,6.42,4.38,6.01,4.89,6.64,4.0,4.14,7.94,6.7,6.96,4.0,6.35,5.47,4.0,4.0,4.0,5.58,sendanin,147797.0,6.44603448275862,5.4875,6.376666666666667,7.332857142857143,7.186666666666667,5.211428571428572,5.045,7.32,8.0,8.0,5.045,2.955,LE,RE,CC(=O)OC1CC(C23COC(C1(C2CC(C4(C3C(=O)C(C5(C46C(O6)CC5C7=COC=C7)C)O)C)O)C)O)O.[Ac].[Ac]
299933,7.9,10.0,,,9.87,7.9,7.9,7.9,7.9,7.9,10.0,7.9,7.9,7.9,7.07,7.9,10.0,7.9,7.9,7.9,10.0,7.9,10.0,9.84,10.0,9.04,10.0,7.9,7.9,7.9,7.9,7.9,10.0,10.0,10.0,7.9,7.9,7.9,10.0,7.9,10.0,7.9,7.9,7.9,10.0,10.0,7.9,7.9,5.78,6.51,10.0,10.0,10.0,7.9,9.23,7.9,7.9,7.9,6.0,5.3,thapsigargin,572740.0,8.473103448275861,9.256666666666666,8.600000000000001,8.081428571428571,8.854,7.998571428571428,7.76625,10.0,8.923333333333334,10.0,7.76625,2.2337499999999997,PR,RE,CCCCCCCC(=O)OC1C2C(=C(C1OC(=C)C(=CC)C)C)C3C(C(CC2(C)OC(=O)C)OC(=O)CCC)(C(C(=O)O3)(C)O)O
330770,7.580000000000001,10.0,10.0,6.0,4.39,8.0,8.0,10.0,10.0,10.0,8.0,8.0,8.0,10.0,10.0,10.0,10.0,8.0,8.0,10.0,8.0,8.0,10.0,8.0,8.0,10.0,10.0,4.81,4.84,8.0,4.8,10.0,10.0,10.0,10.0,7.46,8.0,10.0,9.66,10.0,8.0,8.0,8.0,10.0,10.0,6.0,6.0,8.0,7.68,10.0,10.0,10.0,10.0,6.510000000000001,8.0,10.0,10.0,8.0,6.0,7.419999999999999,"carbamic acid, (5-amino-1,2-dihydro-3-phenylpyrido[3,4-b...",459104.0,8.519166666666667,7.593999999999999,8.791111111111112,9.142857142857142,8.045,8.24,8.24125,10.0,8.666666666666666,10.0,7.593999999999999,2.4060000000000006,PR,BR,CCOC(=O)NC1=NC(=C2C(=C1)NCC(=N2)C3=CC=CC=C3)N
332598,13.0,13.0,8.0,13.0,,8.3,8.0,9.3,9.3,13.0,13.0,8.3,8.0,8.0,13.0,9.3,8.0,8.3,9.3,13.0,8.0,9.3,8.0,13.0,13.0,8.0,8.0,8.0,8.0,8.3,13.0,13.0,8.0,13.0,8.0,8.3,9.3,8.0,13.0,13.0,13.0,8.3,13.0,8.0,13.0,13.0,9.0,8.3,8.0,9.3,8.0,13.0,13.0,8.3,8.0,8.0,13.0,9.3,6.22,8.0,Rhizoxin,459478.0,9.983389830508473,11.75,10.433333333333334,8.985714285714284,10.03,9.799999999999999,9.2275,10.5,10.1,11.75,8.985714285714284,2.764285714285716,BR,CO,CC1C=CC2C(O2)(C(CC(OC(=O)C3C(O3)CC4CC1OC(=O)C4)C(C)C(C(=CC=CC(=CC5=COC(=N5)C)C)C)OC)O)C
347217,6.27,4.75,7.56,4.77,4.93,4.75,7.42,7.16,6.99,7.18,7.47,6.44,6.5,7.81,7.72,6.7,7.35,7.99,7.83,7.78,8.0,7.65,,7.48,6.66,6.53,6.92,6.43,4.96,7.57,6.09,7.48,8.0,8.0,6.43,5.03,7.25,6.89,6.69,6.2,6.13,7.45,6.7,6.06,6.95,6.05,4.24,7.36,6.54,7.79,7.22,7.4,7.61,6.06,6.19,5.9,6.64,7.47,5.48,6.93,"carbamic acid, [5-amino-1,2-dihydro-3-(2-naphthalenyl)py...",575821.0,6.742372881355934,5.656,6.53,7.215714285714286,6.864,6.427142857142856,6.535,7.3100000000000005,7.747999999999999,7.747999999999999,5.656,2.0919999999999996,LE,BR,CCOC(=O)NC1=NC(=C2C(=C1)NCC(=N2)C3=CC4=CC=CC=C4C=C3)N.Cl
351521,4.92,4.77,4.82,4.87,5.09,6.88,6.47,5.82,6.63,5.22,8.0,4.85,7.21,7.9,7.85,7.55,6.85,7.27,7.41,8.0,8.0,7.53,7.2,7.52,7.7,6.3,7.39,7.15,5.81,7.02,4.82,7.15,6.72,7.49,8.0,4.67,6.67,4.79,5.37,6.68,7.09,8.0,6.69,7.91,7.31,4.78,4.86,7.26,4.92,5.37,7.3,6.04,8.0,,8.0,7.21,5.69,6.31,4.81,6.62,Piritrexim Isethionate,463557.0,6.55135593220339,4.894,6.44,7.068571428571429,6.755,6.058571428571428,6.662857142857143,6.67,7.609999999999999,7.609999999999999,4.894,2.7159999999999993,LE,BR,CC1=C2C(=NC(=NC2=NC=C1CC3=C(C=CC(=C3)OC)OC)N)N.C(CS(=O)(=O)O)O
352122,8.83,6.0,8.24,7.210000000000001,4.64,7.6000000000000005,9.27,7.6000000000000005,7.6000000000000005,4.64,7.6000000000000005,7.13,9.0,7.6000000000000005,7.6000000000000005,7.6000000000000005,6.76,7.6000000000000005,9.31,7.6000000000000005,9.87,7.6000000000000005,7.6000000000000005,7.6000000000000005,9.39,4.53,9.53,6.0,7.26,7.6000000000000005,9.18,7.6000000000000005,9.41,10.0,7.6000000000000005,5.09,8.96,5.51,6.25,9.45,7.6000000000000005,7.6000000000000005,9.24,7.6000000000000005,8.61,4.6,4.18,7.6000000000000005,9.03,4.56,9.36,8.71,7.6000000000000005,4.0,9.4,7.6000000000000005,8.42,9.36,4.58,4.34,Trimetrexate glucuronate,463773.0,7.490833333333333,6.984,7.477777777777778,7.612857142857143,8.05,6.597142857142858,6.9125000000000005,9.035,8.263333333333334,9.035,6.597142857142858,2.4378571428571423,PR,OV,CC1=C(C=CC2=C1C(=NC(=N2)N)N)CNC3=CC(=C(C(=C3)OC)OC)OC.C(=O)C(C(C(C(C(=O)O)O)O)O)O
353896,5.54,5.57,4.78,4.98,8.0,5.5,5.61,6.06,5.4,5.11,6.41,7.08,5.51,5.94,5.58,8.0,5.4,6.37,8.0,8.0,8.0,8.0,,7.32,5.6,5.99,7.35,5.37,5.38,5.71,7.37,5.82,5.48,6.19,5.51,5.57,5.54,5.52,5.44,5.97,5.82,5.66,6.21,5.35,7.83,7.36,5.67,6.16,5.33,7.33,5.45,6.29,5.6,5.24,5.6,5.26,5.22,6.39,5.23,6.25,"1-piperazinecarbothioic acid, 4-(2-pyridinyl)-, 2-[1-(1-...",464121.0,6.088474576271187,5.774,5.693333333333333,6.268571428571428,6.026000000000001,6.432857142857143,5.59875,5.87,7.864,7.864,5.59875,2.26525,LE,RE,CC(C1=NC=CC2=CC=CC=C21)NNC(=S)N3CCN(CC3)C4=CC=CC=N4
355256,8.0,7.5200000000000005,7.68,7.35,4.26,7.24,6.45,7.62,7.410000000000001,7.46,7.47,7.4,7.589999999999999,7.589999999999999,5.54,7.4799999999999995,7.7,7.61,7.82,7.55,7.47,7.46,8.0,8.0,7.81,6.86,6.92,7.56,7.04,7.57,7.04,7.46,7.78,7.32,6.42,4.69,6.5200000000000005,7.33,6.660000000000001,7.17,6.58,7.24,7.8,7.5200000000000005,7.589999999999999,4.69,4.32,7.08,7.46,4.85,7.14,6.57,6.43,6.13,5.32,5.29,4.53,6.43,6.1,4.93,"benzamide, 3,4,5-trimethoxy-n-(5,6,7,9-tetrahydro-1,2,3,...",576358.0,6.863666666666668,6.961999999999999,6.712222222222222,7.272857142857142,7.3359999999999985,6.215714285714286,5.645,6.855,7.716666666666666,7.716666666666666,5.645,2.0716666666666663,LE,RE,COC1=CC=C2C(=CC1=O)C(CCC3=CC(=C(C(=C32)OC)OC)OC)NC(=O)C4=CC(=C(C(=C4)OC)OC)OC
357704,10.24,9.94,12.0,9.96,10.1,12.7,9.0,10.2,9.83,8.6,10.13,8.6,9.0,8.6,8.6,12.7,11.17,12.7,10.14,12.7,9.98,8.6,10.41,9.0,10.36,12.7,12.0,12.7,8.6,12.7,9.71,13.5,12.0,10.1,7.7,9.57,9.0,8.6,12.0,8.6,8.6,8.6,9.0,12.7,8.6,8.6,9.93,15.5,9.0,12.94,12.0,10.91,11.01,8.6,9.0,9.93,8.6,12.7,9.39,10.45,Cyanomorpholinodoxorubicin,464942.0,10.346666666666668,10.448,9.074444444444445,10.195714285714287,11.437,11.038571428571428,9.96,11.455,10.138333333333334,11.455,9.074444444444445,2.3805555555555546,PR,LC,CC1C(C(CC(O1)OC2CC(CC3=C2C(=C4C(=C3O)C(=O)C5=C(C4=O)C(=CC=C5)OC)O)(C(=O)CO)O)N6CCOCC6C#N)O
363980,8.71,,,,,10.0,10.0,9.44,7.779999999999999,10.0,10.0,10.0,6.7,8.4,7.9,10.0,8.84,10.0,10.0,9.44,8.95,10.0,10.0,10.0,9.43,8.43,9.89,10.0,9.9,10.0,8.83,9.38,,,10.0,9.44,9.93,9.44,5.44,10.0,6.45,10.0,8.21,8.31,5.44,6.889999999999999,7.68,8.81,9.73,5.44,,,10.0,10.0,7.090000000000001,8.33,9.44,7.26,7.790000000000001,8.54,active compound from cephalodiscus gilchristi,466262.0,8.878461538461538,8.71,8.767777777777777,8.834285714285715,9.4825,7.471428571428571,8.55625,,9.731666666666667,9.731666666666667,7.471428571428571,2.2602380952380967,LE,OV,CC1C2CC=C3C2(COC14C(CC(O4)(C)C)O)C(=O)CC5(C3CCC6C5(CC7=NC8=C(CC9(C(C8)CCC1C9CC(C2(C1=CC1C2(C(C2(O1)C(CC(O2)(C)CO)O)C)O)C)O)C)N=C7C6)C)O
363981,9.45,,,,,9.18,9.45,9.45,8.59,9.45,9.45,8.27,6.26,9.11,8.18,9.21,5.45,9.41,9.45,9.45,9.45,9.45,9.45,,9.45,8.54,,9.28,,8.18,8.28,9.45,,,9.45,9.08,9.45,9.45,5.45,8.9,,9.45,8.51,8.58,5.9,6.22,8.67,6.61,8.65,5.45,,,,9.45,,7.92,9.45,6.2,,7.6,from cephalodiscus gilchristi,466263.0,8.484,9.45,8.717500000000001,7.984285714285714,8.863333333333332,7.154285714285714,8.123999999999999,,9.45,9.45,7.154285714285714,2.2957142857142854,BR,OV,CC1C2CC=C3C2(COC14C(C(C(O4)(C)C)C)O)C(=O)CC5(C3CCC6C5(CC7=NC8=C(CC9(C(C8)CCC1C9CC(C2(C1=CC1C2(C(C2(O1)C(CC(O2)(C)CO)O)C)O)C)O)C)N=C7C6)C)O
364372,5.989999999999999,11.47,10.839999999999998,11.65,,11.39,6.2,11.69,5.27,11.96,5.599999999999999,5.54,11.17,12.0,5.760000000000001,11.520000000000001,5.34,6.099999999999999,6.09,12.0,12.0,11.63,5.84,12.0,12.0,9.66,11.28,10.55,5.66,6.39,5.73,11.65,11.63,11.67,6.07,5.89,5.62,11.300000000000002,6.0,11.19,5.44,6.150000000000001,6.03,11.13,6.11,12.0,5.18,5.5,5.41,9.94,10.9,9.58,12.0,5.82,11.13,12.0,6.04,10.16,10.03,5.75,elactocin,576893.0,8.7735593220339,9.987499999999999,7.076666666666667,8.204285714285714,9.622,7.895714285714285,9.11625,10.24,9.926666666666668,10.24,7.076666666666667,3.163333333333333,PR,LC,CCC(=CC(C)CC=CC(=CC(C)C(=O)C(C)C(C(C)CC(=CC(=O)O)C)O)C)C=CC1C(C=CC(=O)O1)C
364433,8.14,,6.0,6.0,,6.0,6.13,5.53,5.53,5.0,5.9,8.37,6.56,,6.18,5.76,5.82,6.5,8.91,10.0,8.06,,5.0,9.22,5.88,5.44,6.57,5.91,5.55,7.49,6.2,6.31,6.0,6.15,6.24,5.61,7.29,5.65,5.52,5.54,6.0,6.61,6.85,6.32,8.33,5.93,8.47,6.55,5.18,6.52,,6.0,6.48,6.0,6.38,6.0,5.79,5.44,6.14,6.43,N-[(Z)-1-(2-Pyridyl)ethylideneamino]-3-azabicyclo[3.2.2]nonane-3-carbothioamide; trichloroplatinum,576908.0,6.42509090909091,6.713333333333334,6.145555555555556,6.531666666666666,6.1499999999999995,6.757142857142857,6.0825,6.0,8.238,8.238,6.0,2.2379999999999995,LE,PR,
372546,6.18,6.18,4.67,4.72,6.37,8.0,7.32,7.05,4.87,4.0,8.0,6.48,6.58,6.62,7.81,6.97,6.96,6.51,6.52,6.58,6.79,7.85,6.68,8.0,6.87,6.43,7.9,6.61,6.43,7.83,6.25,7.2,6.85,,8.0,6.56,6.92,5.88,7.94,8.0,8.0,8.0,6.29,5.83,6.94,6.88,6.36,8.0,7.17,6.55,8.0,8.0,8.0,6.66,8.0,7.14,4.0,7.09,6.45,6.2,-,577437.0,6.829491525423728,5.6240000000000006,7.287777777777778,6.847142857142857,6.930000000000001,6.8185714285714285,6.692500000000001,8.0,7.07,8.0,5.6240000000000006,2.3759999999999994,PR,BR,
376128,8.0,9.83,8.0,8.0,4.0,8.0,8.0,9.37,9.57,9.58,9.36,8.0,8.0,9.37,9.37,10.44,10.53,8.0,8.0,9.71,9.37,9.47,9.48,8.0,8.0,9.52,9.33,10.24,9.47,10.17,9.76,9.33,12.0,8.0,9.88,4.98,9.14,10.29,9.59,9.63,9.58,8.0,8.0,9.37,9.84,8.0,9.42,8.0,8.0,9.37,11.11,8.0,9.32,8.0,8.0,9.37,9.37,9.42,8.83,8.0,Dolastatin 10,469333.0,8.929666666666666,7.566,8.787777777777778,9.10142857142857,9.582,8.857142857142858,8.78875,9.555,9.005,9.582,7.566,2.016000000000001,ME,BR,CCC(C)C(C(CC(=O)N1CCCC1C(C(C)C(=O)NC(CC2=CC=CC=C2)C3=NC=CS3)OC)OC)N(C)C(=O)C(C(C)C)NC(=O)C(C(C)C)N(C)C
376266,8.0,8.0,5.71,5.82,8.79,5.63,5.89,5.74,5.61,5.63,8.33,8.85,6.34,8.0,8.0,6.45,6.480000000000001,8.15,8.0,8.0,8.0,8.0,8.54,7.959999999999999,8.0,5.89,7.159999999999999,8.0,5.65,5.8,7.56,7.56,5.86,5.83,5.22,7.290000000000001,5.76,6.44,5.49,8.0,8.03,5.97,8.0,8.0,8.0,5.95,7.26,8.23,5.17,8.0,7.92,5.93,7.55,5.14,6.67,6.1,5.76,5.78,5.0,6.14,"1-piperazinethiocarboxylic acid, 4-(2-propynyl)- 2-[1-(2...",469360.0,6.900499999999999,7.264,6.688888888888889,7.467142857142858,6.731,7.2299999999999995,6.0175,6.925,8.083333333333334,8.083333333333334,6.0175,2.065833333333334,LE,RE,CC(=NNC(=S)N1CCN(CC1)CC#C)C2=CC=CC=N2
378734,9.13,,,,,7.41,9.44,8.35,7.0,9.44,9.44,6.7,5.87,7.22,6.99,8.52,6.77,6.99,9.32,7.57,8.3,8.68,9.44,8.51,8.15,6.9,7.8,7.94,7.53,6.0,7.19,7.1,,,8.22,6.0,9.44,7.95,7.65,8.57,6.43,7.61,7.64,6.0,6.0,6.0,8.06,6.05,9.44,5.44,,,8.3,7.1,6.85,7.44,9.21,5.44,6.0,7.69,from cephalodiscus gilchristi,469863.0,7.5813461538461535,9.13,7.723333333333333,7.008571428571428,7.32625,6.712857142857142,7.25375,,8.636666666666667,9.13,6.712857142857142,2.417142857142859,BR,OV,CC1C2C(C=C3C2(C(CC4C3CCC5C4(CC6=NC7=C(CC8(C(C7)CCC9C8CC(C2(C9=CC3C2(C(C2(O3)C(CC(O2)(C)CO)O)C)O)C)O)C)N=C6C5)C)O)CO)OC11CCC(O1)(C)C
382035,6.57,4.89,4.64,5.47,5.55,8.0,6.29,6.09,5.15,5.1,6.93,6.84,6.91,8.0,8.0,7.61,6.37,8.0,7.06,8.0,8.0,7.11,6.55,8.0,7.78,5.65,6.82,4.63,4.88,8.0,5.32,6.32,7.4,7.59,8.0,5.91,6.65,5.75,4.91,6.72,6.76,8.0,5.94,5.99,5.92,5.53,4.96,8.0,4.32,6.2,7.21,6.06,7.98,7.16,7.08,6.85,4.94,6.2,5.1,6.14,"2,4-pyrimidinediamine, 6-ethyl-5-[4-[methyl(phenylmethyl...",470696.0,6.496666666666666,5.424,6.515555555555555,7.39,6.439,5.845714285714286,6.43125,6.635,7.453333333333333,7.453333333333333,5.424,2.0293333333333328,LE,BR,CCC1=C(C(=NC(=N1)N)N)C2=CC(=C(C=C2)N(C)CC3=CC=CC=C3)[N+](=O)[O-]
382046,8.0,4.77,4.72,5.56,5.0,7.99,8.0,7.59,7.36,5.0,8.0,7.42,6.65,8.0,8.0,8.0,8.0,8.0,8.0,8.0,8.0,8.0,8.0,8.0,8.0,,8.0,4.67,4.81,8.0,5.05,8.0,8.0,8.0,8.0,5.8,6.63,6.65,4.69,8.0,8.0,8.0,7.4,7.92,5.74,4.89,4.78,8.0,6.37,7.38,8.0,7.3,8.0,6.0,8.0,8.0,5.46,7.36,5.14,8.0,ZWX6M6AF6L,470706.0,7.052542372881355,5.609999999999999,7.018888888888889,7.724285714285714,6.947777777777778,6.44,6.995,7.65,8.0,8.0,5.609999999999999,2.3900000000000006,LE,BR,CCC1=C(C(=NC(=N1)N)N)C2=CC(=C(C=C2)CC3=CC=CC=C3)[N+](=O)[O-]
529861,8.0,4.0,4.67,8.0,4.0,8.0,8.0,8.0,8.0,5.05,8.0,8.0,4.0,4.97,8.0,8.0,8.0,8.0,8.0,8.0,8.0,8.0,8.0,8.0,8.0,4.75,8.0,4.0,,8.0,4.0,8.0,8.0,8.0,8.0,8.0,7.14,7.24,8.0,8.0,8.0,8.0,8.0,8.0,8.0,5.43,8.0,8.0,8.0,8.0,5.38,8.0,8.0,8.0,8.0,8.0,4.42,8.0,8.0,8.0,chlorasquin,483027.0,7.272033898305085,5.734,7.819999999999999,6.9957142857142856,6.75,7.632857142857143,7.5525,6.6899999999999995,8.0,8.0,5.734,2.266,LE,BR,C1=CC(=CC=C1C(=O)NC(CC(=O)O)C(=O)O)NCC2=C(C3=C(C=C2)N=C(N=C3N)N)Cl
606698,8.0,5.43,8.0,8.0,8.0,5.29,8.0,8.0,8.0,8.0,8.0,4.95,,4.93,4.98,5.0,4.93,4.89,8.0,5.57,8.0,8.0,8.0,8.0,8.0,8.0,4.94,8.0,6.01,5.42,4.95,8.0,5.0,5.0,4.96,8.0,8.0,8.0,4.99,4.96,4.95,4.97,5.85,5.12,5.01,8.0,4.86,6.4,8.0,,8.0,5.26,4.96,8.0,7.99,,8.0,8.0,4.93,8.0,Rapamycin,484575.0,6.605263157894737,7.486,6.075555555555556,4.946666666666666,6.332,6.2316666666666665,7.125714285714286,6.63,7.595,7.595,4.946666666666666,2.6483333333333334,LE,CO,CC1CCC2CC(C(=CC=CC=CC(CC(C(=O)C(C(C(=CC(C(=O)CC(OC(=O)C3CCCCN3C(=O)C(=O)C1(O2)O)C(C)CC4CCC(C(C4)OC)O)C)C)OC(=O)CN(C)C)OC)C)C)C)OC.CS(=O)(=O)O
606699,8.0,4.93,8.0,8.0,8.0,6.13,8.0,8.0,5.36,8.0,4.98,4.91,5.08,5.4,5.76,6.1,5.0,4.93,5.57,5.71,7.48,5.96,6.38,8.0,8.0,5.25,4.98,5.71,7.57,8.0,4.92,8.0,4.99,5.03,8.0,8.0,8.0,8.0,4.89,4.89,4.93,5.01,4.91,8.0,4.99,8.0,4.83,4.96,8.0,4.98,8.0,5.95,5.1,8.0,4.93,7.04,8.0,5.2,5.61,8.0,"rapamycin prodrug, mono-(28)-n,n-diethylpropionate-, hyd...",484576.0,6.3725000000000005,7.386,6.292222222222222,5.311428571428571,6.245000000000001,6.251428571428572,6.484999999999999,6.975,6.516666666666667,7.386,5.311428571428571,2.0745714285714287,BR,CO,CCN(CC)CCC(=O)OC1C(C(=O)C(CC(C=CC=CC=C(C(CC2CCC(C(O2)(C(=O)C(=O)N3CCCCC3C(=O)OC(CC(=O)C(C=C1C)C)C(C)CC4CCC(C(C4)OC)O)O)C)OC)C)C)C)OC.Cl
607301,8.0,4.47,4.0,,8.0,8.0,8.0,8.0,8.0,4.79,8.0,4.63,8.0,8.0,8.0,8.0,8.0,8.0,8.0,8.0,8.0,8.0,8.0,8.0,8.0,4.2,8.0,4.46,4.0,7.79,4.0,8.0,8.0,8.0,8.0,8.0,8.0,,4.0,8.0,4.0,8.0,8.0,8.0,4.62,4.18,4.0,8.0,4.0,8.0,5.86,8.0,8.0,8.0,8.0,8.0,4.0,8.0,4.0,8.0,"l-glutamic acid, n-[4-[[(2,4-diamino-6-pteridinyl) methy...",484772.0,6.913793103448276,6.1175,7.0,7.518571428571428,6.445,5.828571428571428,7.0,6.93,8.0,8.0,5.828571428571428,2.1714285714285717,LE,OV,C1=CC(=C(C=C1C(=O)NC(CCC(=O)O)C(=O)O)F)NCC2=CN=C3C(=N2)C(=NC(=N3)N)N.C(=O)(C(F)(F)F)O
613729,4.9,8.0,9.0,5.0,4.24,8.98,6.47,8.66,8.47,8.54,8.43,5.61,6.430000000000001,8.53,8.46,7.0,8.45,9.0,5.430000000000001,8.72,8.6,8.46,5.53,8.0,8.0,8.36,8.58,8.76,8.22,9.0,4.8,8.27,9.0,9.0,8.4,5.0,5.02,8.46,7.0,8.39,8.16,9.0,8.0,8.43,8.66,7.89,7.0,9.0,5.09,8.0,9.0,9.0,7.0,9.0,8.0,7.5600000000000005,8.56,8.35,7.0,7.21,Combretastatin A4,486760.0,7.718000000000001,6.228,7.492222222222223,7.640000000000001,8.199000000000002,7.724285714285715,7.835000000000001,9.0,7.456666666666667,9.0,6.228,2.7720000000000002,PR,BR,COC1=C(C=C(C=C1)C=CC2=CC(=C(C(=C2)OC)OC)OC)O
617668,9.66,8.69,9.62,8.97,8.0,8.16,9.36,8.65,8.42,9.4,9.4,8.92,8.16,9.05,9.4,9.4,9.4,9.09,9.99,10.0,9.49,9.4,9.4,9.709999999999999,8.91,8.48,8.52,9.4,8.84,8.53,8.0,9.4,10.4,10.44,8.15,8.0,8.19,8.81,8.41,9.4,8.0,9.34,9.74,8.47,8.92,6.18,5.4,8.35,8.7,7.63,8.75,8.87,8.39,9.34,8.0,9.12,8.65,9.4,8.43,8.0,b720389k237,488180.0,8.821666666666665,8.988,8.671111111111111,9.06,9.092,7.664285714285714,8.66625,8.809999999999999,9.665000000000001,9.665000000000001,7.664285714285714,2.000714285714287,LE,OV,CC(C)C(C(=O)N(C)C(C(C)C)C(=O)N1CCCC1C(=O)N2CCCC2C(=O)OC(C(C)C)C(=O)N3C(C(=CC3=O)OC)CC4=CC=CC=C4)NC(=O)C(C(C)C)N(C)C
619029,4.16,,,,,3.88,,3.5,3.53,3.55,4.03,3.0,3.36,3.82,9.17,3.0,9.0,3.68,3.75,9.55,9.26,9.47,9.51,,3.53,9.59,,9.22,9.32,3.51,3.42,10.34,,,9.79,3.35,3.98,3.0,,9.51,3.35,4.4,3.36,9.3,9.0,9.37,9.22,3.63,9.38,9.0,,,,9.62,,10.28,9.7,3.26,,3.18,carzelesin,489094.0,6.307333333333334,4.16,5.092499999999999,5.0042857142857144,6.99,8.414285714285715,7.208,,8.308,8.414285714285715,4.16,4.2542857142857144,OV,BR,CCN(CC)C1=CC2=C(C=C1)C=C(O2)C(=O)NC3=CC4=C(C=C3)NC(=C4)C(=O)N5CC(C6=C7C(=CNC7=C(C=C65)OC(=O)NC8=CC=CC=C8)C)CCl
625539,,,,,,5.45,5.69,5.47,5.43,5.51,5.76,8.0,5.74,8.0,7.33,5.48,5.71,7.0,8.0,8.0,8.0,8.0,8.0,7.34,5.79,5.85,7.44,5.85,5.77,6.28,5.87,7.34,,,5.67,6.52,5.3,7.76,6.1,7.35,5.69,5.68,6.0,7.69,8.0,5.79,,7.25,6.08,,,,5.83,5.16,6.51,5.63,5.4,5.72,5.2,5.64,"iron, trichloro[phenyl-2-pyridinylmethanone(2-pyridinyl-...",581029.0,6.409591836734694,,6.23,6.751428571428571,6.27375,6.962000000000001,5.63625,,7.890000000000001,7.890000000000001,5.63625,2.25375,LE,RE,
626715,8.0,6.0,6.0,4.0,5.75,8.0,8.0,8.0,8.38,6.48,6.0,5.49,,10.0,9.2,8.0,8.0,8.0,8.0,10.0,10.0,8.0,,8.0,8.0,7.9,9.05,4.0,4.0,8.0,8.0,9.4,9.13,8.0,8.0,7.71,8.0,,6.0,8.0,7.85,8.0,8.0,,6.0,4.0,8.0,8.0,,9.15,10.0,8.0,8.0,4.0,8.0,8.0,6.0,8.0,4.0,8.0,10-edam,493091.0,7.481636363636364,5.95,7.695,8.115,7.548,7.029999999999999,6.75,9.0,8.8,9.0,5.95,3.05,PR,BR,CCC(CC1=CN=C2C(=N1)C(=NC(=N2)N)N)C3=CC=C(C=C3)C(=O)NC(CCC(=O)O)C(=O)O
628803,10.0,10.0,10.0,4.07,6.0,10.0,8.0,10.0,10.0,6.0,10.0,10.0,8.0,8.0,10.0,10.0,10.0,10.0,10.0,10.0,10.0,10.0,10.0,10.0,10.0,6.95,10.0,8.0,6.0,10.0,8.0,10.0,10.0,8.0,8.0,10.0,10.0,4.0,10.0,10.0,10.0,10.0,10.0,10.0,10.0,6.0,10.0,8.0,,10.0,10.0,10.0,10.0,10.0,4.61,4.0,10.0,10.0,6.0,6.0,"s-(-)pyrido[3,4-b]pyrazin-7-ylcarbamic acid, 5-amino-1,2...",494241.0,8.875084745762711,8.014,9.11111111111111,9.428571428571429,8.695,9.0,7.57625,10.0,10.0,10.0,7.57625,2.42375,PR,RE,CC1C(=NC2=C(N=C(C=C2N1)NC(=O)OCCF)N)C3=CC=CC=C3.C(Cl)(Cl)Cl
630678,10.76,9.83,10.35,10.94,10.08,8.0,9.92,9.98,8.0,8.0,8.0,8.0,10.13,10.4,8.66,8.0,8.0,8.0,10.15,10.05,8.0,8.0,8.0,8.0,10.6,9.82,8.0,8.0,8.0,8.0,10.29,10.65,8.0,8.0,9.7,8.0,10.39,10.03,8.0,8.0,8.0,8.0,10.729999999999999,10.06,8.0,8.0,8.0,8.0,9.67,8.0,8.0,8.0,8.0,9.99,9.4,8.0,8.0,8.0,8.0,8.0,streptomyces antibiotic,495048.0,8.843,10.392,8.983333333333334,8.741428571428571,8.936,8.532857142857143,8.42375,8.0,8.700000000000001,10.392,8.0,2.3919999999999995,BR,PR,CCC(C)SC1C2C(=O)N(C3(CC3C)C(=O)OCC(C(=O)NC(C(=O)N(C(CS1)C(=O)N(C4(CC4C)C(=O)OCC(C(=O)NC(C(=O)N2C)C)NC(=O)C5=NC6=CC=CC=C6C=C5O)C)C)C)NC(=O)C7=NC8=CC=CC=C8C=C7O)C
633273,10.0,10.0,7.84,,10.0,7.989999999999999,7.66,7.22,6.080000000000001,6.25,7.66,8.0,8.42,8.0,7.59,6.830000000000001,7.43,8.0,8.0,8.0,8.0,7.989999999999999,8.0,8.0,8.0,6.900000000000001,7.28,7.55,6.5,7.41,8.0,8.0,8.42,8.05,7.099999999999999,9.81,7.830000000000001,6.7,7.77,8.0,8.0,8.0,8.88,8.0,8.0,6.73,8.0,8.0,7.04,,9.57,7.46,7.760000000000001,6.44,8.0,7.89,7.830000000000001,6.95,6.02,6.37,antineoplastic-633273,581340.0,7.779655172413792,9.46,8.01,7.752857142857144,7.611,7.628333333333334,7.157500000000001,8.515,7.998333333333332,9.46,7.157500000000001,2.3025,BR,RE,
633713,8.44,7.0,4.0,6.2,4.0,8.34,7.659999999999999,8.29,8.0,4.0,8.0,7.12,8.88,9.36,8.0,8.0,8.0,9.02,8.83,9.24,8.0,8.0,8.0,9.37,9.23,8.0,8.0,4.0,7.790000000000001,8.15,8.01,8.53,8.0,8.0,8.0,7.720000000000001,8.35,7.0,5.07,8.0,8.0,9.32,7.409999999999999,8.21,8.0,4.0,8.0,8.37,7.590000000000001,8.56,8.0,8.0,8.0,8.33,8.39,8.24,4.0,8.0,8.0,8.31,"l-ornithine, n.alpha.-[4-[[(2,4-diamino-6-pteridinyl)met...",496579.0,7.672166666666667,5.927999999999999,7.652222222222223,8.34,7.771000000000001,7.532857142857144,7.65875,8.0,8.573333333333332,8.573333333333332,5.927999999999999,2.6453333333333333,LE,BR,C1=CC=C(C(=C1)C(=O)NCCCC(C(=O)O)NC(=O)C2=CC=C(C=C2)NCC3=CN=C4C(=N3)C(=NC(=N4)N)N)C(=O)O
635591,7.64,6.52,6.41,,6.52,7.75,7.06,7.88,6.46,6.67,7.59,6.95,5.95,7.8,6.94,7.37,6.89,8.0,8.0,8.0,8.0,8.0,8.0,8.0,7.74,6.95,7.42,5.77,6.52,7.15,5.98,7.24,7.18,6.13,7.26,6.27,7.09,6.92,6.92,6.54,6.45,8.0,7.7,7.41,6.93,6.83,6.76,7.66,6.58,6.9,6.55,5.13,8.0,7.89,7.88,7.6,7.67,6.39,5.93,5.59,"9-n-(n'-bis-chloroethyl-n-1,4-diaminobutyl)2-methoxyacri...",497770.0,7.073389830508474,6.7725,7.0166666666666675,7.128571428571428,6.808,7.01,7.11875,5.84,8.0,8.0,5.84,2.16,LE,PR,COC1=CC2=C(C3=CC=CC=C3N=C2C=C1)NCCCCN(CCCl)CCCl.Cl
638486,,,,,,9.1,9.53,8.0,8.24,9.38,8.0,8.31,7.81,8.0,8.48,8.0,8.0,9.42,9.45,9.5,9.41,9.18,8.0,8.0,9.09,8.0,9.51,8.1,8.0,9.28,9.38,8.0,,,8.0,8.42,8.0,8.0,8.85,9.04,8.0,8.0,9.45,7.91,9.47,6.0,4.45,8.79,4.23,,,,8.0,8.0,9.1,8.0,,8.78,6.0,8.49,"(z) 4-bromo-3',4',5'-trimethoxystilbene",499328.0,8.288775510204081,,8.41777777777778,8.288571428571428,8.670000000000002,6.8083333333333345,8.052857142857144,,8.923333333333334,8.923333333333334,6.8083333333333345,2.1149999999999993,LE,OV,COC1=CC(=CC(=C1OC)OC)C=CC2=CC=C(C=C2)Br
640519,8.0,10.0,8.0,4.59,4.52,8.0,8.0,8.0,10.0,4.37,10.0,5.77,6.0,10.0,10.0,6.11,8.0,8.0,8.0,10.0,10.0,8.0,8.0,8.0,8.0,10.0,10.0,7.9,8.0,10.0,10.0,10.0,10.0,8.0,6.81,4.29,8.0,,10.0,7.92,8.0,8.0,8.0,9.84,10.0,4.44,6.0,8.0,7.35,10.0,10.0,8.0,7.92,7.17,8.0,10.0,,8.0,4.33,5.87,3'-Carboxypropionyl-(Z)-combretastatin A-4,500157.0,8.055172413793104,7.022,7.6275,7.6971428571428575,9.190000000000001,7.9471428571428575,7.327142857142858,9.0,8.666666666666666,9.190000000000001,7.022,2.168000000000001,ME,BR,COC1=C(C=C(C=C1)C=CC2=CC(=C(C(=C2)OC)OC)OC)OC(=O)CCC(=O)O
642328,6.74,5.63,5.81,5.85,6.78,6.18,6.94,6.8,6.48,6.47,7.34,5.67,6.18,5.17,5.86,5.77,5.75,6.02,7.96,8.02,5.94,8.02,8.02,8.0,6.7,5.87,6.47,5.43,5.47,6.53,4.52,6.43,5.17,5.5,6.83,5.16,7.56,,8.0,6.8,5.32,8.0,5.96,5.15,5.25,4.72,6.26,5.81,6.71,4.4,4.0,6.83,6.8,7.38,7.5,6.65,5.68,6.72,5.6,5.76,"benzonitrile, 4-[[1,3,3a,4,9,9a-hexahydro-9-(4-hydroxy- ...",501118.0,6.276949152542373,6.162000000000001,6.70375,5.774285714285715,5.809,5.471428571428571,6.5112499999999995,5.415,7.66,7.66,5.415,2.245,LE,PR,COC1=CC(=CC(=C1O)OC)C2C3C(COC3=O)C(C4=CC(=C(C=C24)OC)OC)NC5=CC=C(C=C5)C#N
648581,7.61,7.91,8.0,8.0,4.27,6.99,6.6,7.47,7.66,8.0,7.35,4.79,5.57,6.69,8.0,5.43,8.0,8.0,8.0,7.44,8.0,7.36,8.0,8.0,8.0,7.51,7.82,6.77,8.0,7.77,5.52,6.78,8.0,8.0,7.33,4.44,6.99,5.83,4.0,6.85,8.0,7.31,8.0,5.86,7.16,4.2,4.0,7.5,7.79,8.0,8.0,7.59,7.78,4.57,5.76,4.0,6.55,6.6,4.13,5.25,Neuro_000355,504036.0,6.846666666666667,7.1579999999999995,6.527777777777778,6.640000000000001,7.417,6.3585714285714285,5.58,7.795,7.8,7.8,5.58,2.2199999999999998,LE,RE,COC1=C(C=C(C=C1)CC2=CC(=C(C(=C2)OC)OC)OC)O
650766,8.0,8.0,,8.0,,6.15,6.49,6.51,6.25,6.05,8.0,6.63,8.0,6.36,6.51,6.45,8.0,7.35,6.28,6.55,6.56,6.83,5.24,6.57,6.27,6.47,6.54,8.0,5.68,7.01,4.77,6.39,8.0,8.0,8.0,4.88,5.51,5.49,5.89,6.49,5.33,6.96,6.56,6.13,6.73,4.72,5.77,6.22,6.31,8.0,6.73,6.4,6.09,5.91,6.09,4.0,6.68,5.82,5.0,5.52,"4-ethyl-n-(3,4,5-trimethoxybenzyl)aniline, hydrochloride",504970.0,6.467931034482758,8.0,6.123333333333333,7.042857142857144,6.712999999999999,6.268571428571428,5.63875,6.565,6.338333333333334,8.0,5.63875,2.36125,BR,RE,CCC1=CC=C(C=C1)NCC2=CC(=C(C(=C2)OC)OC)OC.Cl
654379,10.0,8.32,6.93,7.46,8.71,7.419999999999999,7.22,7.349999999999999,6.12,7.2,8.86,9.61,6.849999999999999,9.72,8.0,8.47,7.03,8.39,10.0,10.0,9.0,10.0,8.42,8.48,7.72,6.97,8.0,6.77,6.900000000000001,6.98,7.260000000000001,7.88,6.89,6.8,7.11,8.86,7.28,7.29,6.78,9.14,6.95,7.09,7.38,9.06,8.0,6.97,6.989999999999999,9.3,7.72,8.38,7.8,6.169999999999999,7.080000000000001,6.73,8.08,7.57,7.59,7.97,6.32,6.96,antineoplastic-654379,581844.0,7.805000000000001,8.284,7.542222222222222,8.295714285714286,7.2170000000000005,8.06,7.2875,6.984999999999999,9.316666666666668,9.316666666666668,6.984999999999999,2.3316666666666688,LE,PR,
656240,4.0,6.69,7.68,7.739999999999999,6.400000000000001,4.0,7.82,7.69,6.760000000000001,6.78,6.96,5.77,6.55,6.71,7.7,6.66,4.0,7.54,6.54,7.41,6.93,6.12,6.330000000000001,7.66,8.0,7.16,8.0,6.88,7.72,7.79,7.64,7.72,7.760000000000001,8.0,6.77,4.0,6.739999999999999,6.48,6.650000000000001,7.080000000000001,4.0,6.73,6.989999999999999,6.14,6.66,6.81,6.7,7.22,5.79,7.41,6.59,4.0,6.68,6.760000000000001,7.260000000000001,5.760000000000001,7.12,6.79,4.0,6.63,"2-hydroxymethyl-4,8-dihydrobenzo[1,2-b:5,4-b']dithiophen...",507070.0,6.647833333333335,6.502,6.16,6.418571428571428,7.667,6.675714285714286,6.375,5.295,6.831666666666666,7.667,5.295,2.372,ME,PR,C1=CSC2=C1C(=O)C3=C(C2=O)SC(=C3)CO
664404,9.0,5.0,8.75,6.6,8.64,8.26,7.2,8.7,5.43,9.0,8.26,9.0,8.06,8.85,6.19,9.0,,8.71,9.0,8.91,9.0,8.66,9.0,9.0,8.11,7.87,5.0,8.86,8.16,9.0,7.82,8.32,9.0,5.09,8.41,6.37,7.92,5.48,7.38,8.82,7.52,9.0,8.61,8.79,,5.0,5.5,8.07,8.87,5.13,9.0,7.63,7.48,6.61,6.09,7.23,7.35,8.49,7.97,5.67,"[(1S,2S,3R,4S,7R,9S,10S,12R,15S)-4,12-diacetyloxy-1,9-dihydroxy-15-[(2R,3S)-2-hydroxy-3-(3-methylbutanoylamino)-3-phenylpropanoyl]oxy-10,14,17,17-tetramethyl-11-oxo-6-oxatetracyclo[11.3.1.03,10.04,7]heptadec-13-en-2-yl] benzoate",510719.0,7.755862068965519,7.598000000000001,7.723333333333333,8.301666666666668,7.723000000000001,6.8933333333333335,7.11125,8.315,8.928333333333333,8.928333333333333,6.8933333333333335,2.0349999999999993,LE,OV,CC1=C2C(C(=O)C3(C(CC4C(C3C(C(C2(C)C)(CC1OC(=O)C(C(C5=CC=CC=C5)NC(=O)CC(C)C)O)O)OC(=O)C6=CC=CC=C6)(CO4)OC(=O)C)O)C)OC(=O)C
665076,5.89,6.7,5.830000000000001,6.82,7.53,5.849999999999999,5.43,5.77,5.27,5.919999999999999,5.64,6.97,5.669999999999999,6.69,7.150000000000001,6.44,5.8,7.62,8.0,8.0,8.0,7.56,7.510000000000001,6.89,8.0,7.5,7.62,5.78,6.739999999999999,6.580000000000001,6.330000000000001,6.81,6.12,6.8,5.13,5.56,4.86,6.56,6.37,5.849999999999999,4.93,5.66,8.0,6.89,5.89,7.11,5.78,6.55,5.61,5.91,5.75,5.28,6.580000000000001,5.44,6.7,7.89,8.0,5.69,5.87,5.96,"1,3-butadiene, 1,1,2,4,4-pentachloro-3-nitro-",510968.0,6.450833333333333,6.554,5.88,6.619999999999999,6.828,6.248571428571428,6.51625,5.515000000000001,7.66,7.66,5.515000000000001,2.1449999999999996,LE,PR,C(=C(Cl)Cl)(C(=C(Cl)Cl)Cl)[N+](=O)[O-]
667641,8.3,6.0,4.0,4.0,6.0,8.08,7.72,7.59,8.0,8.0,8.0,6.27,6.0,9.21,8.0,8.0,8.31,8.47,8.51,8.61,8.0,8.0,6.0,8.38,9.06,6.0,8.0,4.16,8.0,7.04,6.0,6.0,8.0,8.0,8.0,7.44,7.52,6.349999999999999,4.0,8.04,4.0,8.37,6.0,8.0,4.0,6.0,4.0,8.23,6.0,8.04,8.0,8.0,8.0,7.13,8.29,7.62,8.0,8.0,6.0,8.0,"N-(5-Carboxy-5-{4-[(2,4-diamino-pteridin-6-ylmethyl)-amino]-benzoylamino}-pentyl)-phthalamic acid",512349.0,7.145666666666667,5.66,6.635555555555555,7.751428571428572,7.025999999999999,6.324285714285715,7.63,8.0,7.916666666666667,8.0,5.66,2.34,PR,BR,C1=CC=C(C(=C1)C(=O)NCCCCC(C(=O)O)NC(=O)C2=CC=C(C=C2)NCC3=CN=C4C(=N3)C(=NC(=N4)N)N)C(=O)O
671864,8.6,8.68,10.0,8.6,10.0,7.79,9.05,9.92,9.26,8.6,8.6,10.0,10.0,10.0,7.4,8.6,8.6,10.0,10.0,10.0,10.0,8.6,8.6,10.0,10.0,9.45,10.0,,6.0,10.0,,8.4,10.0,8.6,10.0,6.0,9.44,6.0,8.88,8.6,4.77,10.0,10.0,8.89,10.0,5.37,9.68,10.0,8.79,6.21,10.0,10.0,10.0,,7.39,6.48,9.69,,7.04,7.24,"[(1S,2S,3R,4S,7R,9S,10S,12R,15S)-4,12-diacetyloxy-15-[(2R,3R)-3-(furan-2-yl)-3-(hexanoylamino)-2-hydroxypropanoyl]oxy-1,9-dihydroxy-10,14,17,17-tetramethyl-11-oxo-6-oxatetracyclo[11.3.1.03,10.04,7]heptadec-13-en-2-yl] benzoate",514548.0,8.818214285714287,9.176,8.187777777777777,9.228571428571428,9.056249999999999,8.42,7.973333333333334,10.0,9.533333333333333,10.0,7.973333333333334,2.0266666666666664,PR,RE,CCCCCC(=O)NC(C1=CC=CO1)C(C(=O)OC2CC3(C(C4C(C(CC5C4(CO5)OC(=O)C)O)(C(=O)C(C(=C2C)C3(C)C)OC(=O)C)C)OC(=O)C6=CC=CC=C6)O)O
671865,8.02,7.08,8.01,7.78,7.89,6.32,7.51,7.64,7.24,7.68,8.0,8.3,6.13,8.3,6.0,8.3,8.3,7.56,7.84,8.01,7.73,8.3,8.3,8.3,8.13,7.45,7.53,,7.3,8.04,7.5,7.35,8.3,8.3,7.74,4.76,6.79,6.97,7.51,7.43,7.48,7.9,7.77,7.2,8.04,4.89,7.88,7.57,7.27,5.13,4.69,6.44,7.59,7.09,6.54,5.27,7.47,7.71,6.76,5.78,"[(1S,2S,3R,4S,7R,9S,10S,12R,15S)-4,12-diacetyloxy-15-[(2R,3R)-3-(decanoylamino)-3-(furan-2-yl)-2-hydroxypropanoyl]oxy-1,9-dihydroxy-10,14,17,17-tetramethyl-11-oxo-6-oxatetracyclo[11.3.1.03,10.04,7]heptadec-13-en-2-yl] benzoate",514549.0,7.323898305084745,7.756,7.1499999999999995,7.555714285714286,7.766666666666666,6.854285714285714,6.776249999999999,5.565,8.08,8.08,5.565,2.5149999999999997,LE,PR,CCCCCCCCCC(=O)NC(C1=CC=CO1)C(C(=O)OC2CC3(C(C4C(C(CC5C4(CO5)OC(=O)C)O)(C(=O)C(C(=C2C)C3(C)C)OC(=O)C)C)OC(=O)C6=CC=CC=C6)O)O
676495,12.6,8.73,10.54,12.6,11.53,11.98,10.36,12.6,12.6,11.02,12.6,12.6,12.6,10.45,12.6,12.6,11.59,8.6,8.6,8.6,8.82,8.6,8.6,8.6,11.36,8.6,9.4,8.6,8.6,9.91,8.79,9.06,8.6,8.6,12.6,12.6,11.57,12.35,12.6,12.0,12.6,10.33,9.23,12.6,12.6,12.6,12.6,12.6,,12.6,8.6,12.6,12.6,12.6,12.6,12.6,12.55,12.6,12.6,12.6,-,516467.0,11.101186440677965,11.2,11.764444444444445,11.577142857142857,9.151999999999997,12.6,12.59375,10.6,8.636666666666667,12.6,8.636666666666667,3.963333333333333,OV,LE,
676497,12.6,9.43,11.09,11.73,11.58,12.6,11.11,12.6,12.6,12.08,12.6,12.6,12.6,10.43,12.6,12.6,10.41,8.6,8.6,8.6,8.85,8.6,8.6,8.6,11.13,9.55,9.42,9.08,9.98,9.88,10.6,9.28,8.94,9.17,12.6,12.6,10.92,12.6,12.6,12.14,12.07,9.93,10.45,12.6,12.6,12.6,12.6,12.6,,12.6,9.62,12.6,12.6,12.6,12.6,12.6,12.6,12.6,12.6,12.6,tp4ek,516469.0,11.241864406779662,11.286000000000001,11.767777777777779,11.405714285714284,9.703,12.6,12.6,11.11,8.641666666666667,12.6,8.641666666666667,3.958333333333332,OV,LE,
677423,9.0,7.93,9.0,7.43,4.6,7.07,7.43,8.95,7.349999999999999,9.0,4.6,9.0,8.09,8.89,6.32,9.0,4.6,8.14,8.22,9.0,8.62,8.08,4.6,9.0,8.44,4.6,7.5,7.830000000000001,4.6,8.72,7.25,8.4,9.0,9.0,4.6,6.25,7.989999999999999,6.52,8.27,8.3,4.6,8.73,9.0,8.51,8.03,5.52,7.21,8.28,9.0,5.23,8.28,8.19,4.6,6.989999999999999,5.72,6.32,8.38,4.6,4.6,4.6,Amythiamicin A,517099.0,7.293000000000001,7.5920000000000005,7.139999999999999,7.72,7.534000000000001,7.397142857142858,5.72625,8.235,7.919999999999999,8.235,5.72625,2.508749999999999,PR,RE,CC1=C2C(=O)NC(C3=NC(=CS3)C(=O)NCC(=O)NC(C4=NC(=CS4)C5=NC(=CS5)C6=C(C=CC(=N6)C7=NC(=CS7)C8=NC(CO8)C(=O)N9CCCC9C(=O)N)C3=NC(=CS3)C(=O)NC(C(=N2)S1)CC(=O)NC)C(C)C)C(C)C
679036,6.3,7.7,7.58,5.6,,7.1,7.6,7.71,7.11,7.42,7.47,6.9,6.62,7.52,6.51,7.35,7.18,7.92,7.34,7.51,7.64,7.27,8.0,7.24,7.31,7.19,7.19,6.56,6.5,7.15,7.51,7.65,8.0,4.0,7.29,4.6,7.14,4.0,7.15,6.21,7.09,7.3,7.53,6.53,7.65,4.0,7.1,6.37,7.29,7.41,4.0,6.26,7.33,7.26,7.01,7.37,7.43,4.0,4.38,4.86,"1,8-naphthyridin-4(1h)-one, 2-(3-chlorophenyl)-6-methyl-",517864.0,6.7832203389830505,6.795,6.478888888888889,7.142857142857143,6.906000000000001,6.621428571428573,6.205,5.13,7.5,7.5,5.13,2.37,LE,PR,CC1=CC2=C(NC(=CC2=O)C3=CC(=CC=C3)Cl)N=C1
681636,7.32,4.52,5.01,5.95,8.0,8.0,6.86,7.87,7.58,8.0,8.0,5.3,5.87,6.73,5.28,5.78,5.32,5.74,8.0,8.0,,7.6,,8.0,7.6,6.1,6.73,4.78,5.03,6.62,5.61,8.0,5.84,5.77,6.43,5.22,7.15,6.08,5.83,8.0,5.36,7.23,6.74,6.42,5.36,5.15,5.03,7.34,,6.62,5.99,7.4,7.16,6.56,8.0,7.15,5.99,8.0,4.0,6.74,Camptothecin Derivative,518926.0,6.522105263157894,6.16,6.448888888888889,5.717142857142858,6.208,5.986666666666667,6.699999999999999,6.695,7.9,7.9,5.717142857142858,2.1828571428571424,LE,CO,CCC1(C2=C(COC1=O)C(=O)N3CC4=C(C5=CC=CC=C5N=C4C3=C2)C=NNC(=O)C(C)N)O.Cl
682306,7.27,4.0,5.41,4.0,4.0,6.72,6.71,7.52,4.19,6.22,7.12,4.0,6.05,8.0,7.15,8.0,4.0,7.45,8.0,8.0,4.0,7.58,4.0,8.0,8.0,4.0,7.32,4.0,4.0,5.34,6.4,7.19,7.73,7.35,6.17,4.0,7.26,4.0,4.0,5.96,5.8,8.0,4.95,4.59,4.0,4.0,4.61,7.45,4.0,6.74,8.0,6.88,8.0,6.17,7.26,7.58,4.0,6.72,6.34,5.6,"n-[p-[n-(2,4,7-triamino-6-pteriddinylmethyl)-n-methylami...",519214.0,6.013333333333334,4.936,5.571111111111112,6.378571428571429,6.133000000000001,5.055714285714286,6.458749999999999,7.4399999999999995,6.596666666666667,7.4399999999999995,4.936,2.5039999999999996,PR,BR,CN(CC1=C(N=C2C(=N1)C(=NC(=N2)N)N)N)C3=CC=C(C=C3)C(=O)NC(CCC(=O)O)C(=O)O
690274,9.0,4.0,9.0,4.45,4.0,7.44,9.0,9.0,9.0,4.2,7.42,7.25,8.49,7.47,9.0,7.55,7.02,8.0,9.0,4.0,9.0,7.11,7.33,6.3,9.0,4.0,9.0,7.78,4.08,7.38,5.0,7.73,9.0,7.87,7.3,4.0,9.0,4.0,9.0,6.7,7.11,7.38,9.0,6.1,9.0,7.57,5.6,7.2,9.0,7.45,9.0,7.27,7.35,5.14,9.0,9.0,9.0,6.77,4.13,9.0,2-(2''-fluorophenyl)-6-pyrolinyl-4-(1H)-quinolone,522625.0,7.265666666666665,6.09,7.054444444444444,7.825714285714286,7.0840000000000005,7.417142857142858,7.42375,8.135,7.123333333333332,8.135,6.09,2.045,PR,BR,C1CCN(C1)C2=CC3=C(C=C2)NC(=CC3=O)C4=CC=CC=C4F
690391,6.81,4.0,4.02,4.0,4.0,6.84,7.32,7.3,6.84,7.34,4.0,4.85,5.56,6.58,5.62,6.26,5.63,7.07,7.79,7.34,6.05,8.0,8.0,8.0,7.79,6.5,6.99,4.0,7.45,6.25,5.17,7.64,5.49,6.16,7.5,5.09,7.33,6.0,6.32,4.0,6.5,7.18,6.57,6.55,5.27,4.53,4.0,6.72,5.08,7.52,6.33,8.0,4.04,5.91,7.2,7.88,5.72,7.57,4.55,6.06,"(s)-10,11-methelenedioxycamptothecin lactam",440794771.0,6.201333333333334,4.566,6.276666666666667,5.9385714285714295,6.343999999999999,5.667142857142857,6.11625,7.165,7.53,7.53,4.566,2.9640000000000004,LE,BR,CCC1(C2=C(CNC1=O)C(=O)N3CC4=C(C3=C2)N=C5C=C6C(=CC5=C4)OCO6)O
695788,9.0,4.0,7.0,6.0,6.0,8.79,9.0,9.34,8.0,8.65,8.45,5.760000000000001,6.78,9.23,9.34,9.0,9.28,9.0,9.0,4.0,10.0,9.25,9.08,9.0,9.0,6.330000000000001,9.18,6.0,6.72,9.0,6.11,9.4,9.22,9.0,9.38,7.080000000000001,6.41,6.0,9.21,8.82,6.0,9.0,8.37,9.29,7.78,6.0,6.7,9.0,8.19,9.53,10.0,9.04,10.0,4.0,9.0,9.0,6.419999999999999,8.33,6.0,9.0,"n(sup .alpha.)-[4-[(2,4-diamino-5-methylpyrido[2,3-d] py...",524906.0,8.007666666666667,6.4,7.807777777777779,8.34142857142857,7.996,8.069999999999999,7.71875,9.52,8.388333333333334,9.52,6.4,3.119999999999999,PR,BR,CC1=C2C(=NC(=NC2=NC=C1CNC3=CC=C(C=C3)C(=O)NC(CCCNC(=O)C4=CC=CC=C4C(=O)O)C(=O)O)N)N
695799,8.0,5.0,8.0,4.0,4.0,5.96,8.0,8.0,8.0,8.0,8.0,8.0,8.0,8.0,8.0,8.0,8.0,8.0,8.0,8.0,8.0,8.0,8.0,8.0,8.0,8.0,8.0,4.0,4.0,8.0,,8.0,8.0,7.23,8.0,8.0,,4.0,8.0,8.0,8.0,8.0,8.0,8.0,8.0,5.04,4.0,8.0,8.0,,8.0,8.0,8.0,8.0,8.0,7.29,4.17,6.75,4.0,,"7h-dibenzo[a,c]cyclohepten-5(6h)-one, 9,10,11- trimethox...",524912.0,7.24,5.8,7.5,8.0,7.025555555555556,6.84,6.601428571428571,8.0,8.0,8.0,5.8,2.2,CO,BR,COC1=C(C(=C2C(=C1)CCC(=O)C3=C2C=CC(=C3)SC)OC)OC
695939,6.58,6.74,5.25,7.9,5.33,6.61,6.06,6.94,6.0,5.47,7.47,7.72,8.49,8.6,7.14,8.6,7.12,7.88,5.11,8.6,8.6,8.6,7.25,7.26,6.72,5.57,5.53,5.43,5.64,6.44,5.51,5.62,6.48,6.91,8.08,6.8,5.5,5.06,6.4,5.58,6.4,8.28,7.46,7.27,5.44,7.56,5.57,7.06,5.54,5.31,5.56,5.84,7.48,5.15,7.76,6.68,7.27,7.77,8.09,6.77,-,582388.0,6.714166666666666,6.359999999999999,6.6177777777777775,7.935714285714286,5.984999999999999,6.25,7.12125,5.699999999999999,7.57,7.935714285714286,5.699999999999999,2.2357142857142867,CO,PR,CN(CCCNC1=C2C3=C(C=C1)N=CN3C4=CC=CC=C4C2=O)CCCNC5=C6C=C(C=CC6=NC7=C5C=CC(=C7)Cl)OC.Cl
695941,8.27,7.7,7.06,6.97,5.93,7.61,7.87,8.0,8.0,7.74,8.01,8.09,7.94,8.0,8.0,8.83,7.54,8.49,7.21,6.72,7.7,8.25,7.88,9.0,8.11,7.61,5.99,5.8,5.95,8.0,7.06,,7.23,7.49,8.2,7.25,7.33,5.98,8.22,7.68,7.85,8.53,8.11,8.0,5.86,6.88,5.94,7.69,5.89,6.13,5.94,,,5.85,8.92,8.0,7.57,7.9,8.66,7.82,"6h-imidazo[4,5,1-de]acridin-6-one, 5-[3-[[3-[[5-nitro-1,...",582390.0,7.478070175438597,7.185999999999998,7.683333333333334,8.127142857142857,7.026666666666667,6.627142857142857,7.817142857142858,5.94,7.793333333333333,8.127142857142857,5.94,2.187142857142857,CO,PR,CN(CCCNC1=C2C3=C(C=C1)N=CN3C4=CC=CC=C4C2=O)CCCN5C(=O)C6=CC=CC7=CC(=CC(=C76)C5=O)[N+](=O)[O-].CS(=O)(=O)O
700893,8.0,5.65,4.77,4.83,,7.45,5.26,6.29,6.74,7.25,8.0,8.0,8.0,7.76,8.0,6.12,8.0,8.0,5.01,,4.69,8.0,6.06,5.91,5.03,5.77,6.9,8.0,6.71,8.0,7.75,8.0,8.0,8.0,6.15,6.17,6.83,6.6,8.0,8.0,8.0,7.42,5.8,8.0,8.0,8.0,7.57,8.0,7.88,8.0,6.81,8.0,5.1,8.0,8.0,8.0,6.79,5.06,8.0,8.0,Austocystin D,527189.0,7.071206896551725,5.8125,6.996666666666666,7.697142857142857,7.215999999999999,7.921428571428572,7.11875,7.404999999999999,5.933999999999999,7.921428571428572,5.8125,2.1089285714285717,OV,BR,CC(C)(CCC1=C2C(=C(C=C1)O)C(=O)C3=C(C4=C(C=C3O2)OC5C4(C=CO5)O)O)O
703101,6.27,5.94,4.7,4.65,6.26,6.16,6.41,6.15,5.7,5.18,6.15,6.36,4.71,6.57,6.58,6.41,6.04,6.37,6.49,7.23,6.1,6.78,5.56,6.74,6.34,6.23,6.12,5.43,5.47,5.95,5.63,6.16,6.34,5.72,6.08,6.38,6.18,6.24,6.6,5.56,6.14,6.33,6.55,6.29,6.53,6.17,5.35,6.09,6.22,6.27,4.88,4.0,6.66,5.7,6.51,6.22,6.41,5.9,5.95,6.39,N-[(E)-1-pyrazin-2-ylethylideneamino]-1H-benzimidazol-2-amine,527888.0,6.041666666666667,5.564,6.228888888888889,6.148571428571429,5.939,6.131428571428572,6.217499999999999,4.4399999999999995,6.483333333333334,6.483333333333334,4.4399999999999995,2.043333333333335,LE,PR,CC(=NNC1=NC2=CC=CC=C2N1)C3=NC=CN=C3
703106,7.61,7.08,4.92,4.0,7.36,7.83,7.47,7.76,7.53,7.41,7.11,8.0,5.27,7.37,7.82,7.79,6.35,7.65,7.78,8.0,7.54,8.0,6.76,8.0,7.77,7.23,7.7,4.83,6.22,7.78,7.28,6.69,7.64,6.41,6.85,7.78,4.68,7.05,7.96,7.59,7.12,7.9,8.0,7.02,4.68,7.67,6.39,7.75,6.67,6.8,4.82,4.0,7.25,7.18,8.0,7.3,7.16,7.15,7.16,7.39,"ethanone, 1-(2-pyrimidinyl)-,1h-benzimidazol-2-ylhydrazone",527893.0,7.021333333333333,6.194,7.214444444444445,7.178571428571429,6.955,6.711428571428571,7.32375,4.41,7.68,7.68,4.41,3.2699999999999996,LE,PR,CC(=NNC1=NC2=CC=CC=C2N1)C3=NC=CC=N3
703107,8.0,7.28,7.21,5.74,8.0,7.31,6.4,7.0,6.7,6.33,7.79,8.0,5.89,7.6,7.95,7.96,7.11,8.0,8.0,8.0,7.6,7.87,8.0,7.83,7.35,8.0,8.0,5.48,6.37,7.18,7.37,7.15,6.78,6.77,7.19,8.0,4.59,7.13,7.51,7.4,7.41,7.23,7.56,7.51,5.9,7.39,7.13,8.0,7.33,7.43,4.84,5.38,7.81,7.36,7.72,8.0,5.88,8.0,7.84,7.9,N-[(E)-1-isoquinolin-3-ylethylideneamino]-1H-benzimidazol-2-amine,527894.0,7.224333333333333,7.246,7.113333333333333,7.501428571428571,7.045,7.241428571428571,7.56375,5.109999999999999,7.883333333333333,7.883333333333333,5.109999999999999,2.7733333333333334,LE,PR,CC(=NNC1=NC2=CC=CC=C2N1)C3=CC4=CC=CC=C4C=N3
703111,6.83,6.17,5.54,4.31,6.88,6.5,5.54,5.92,5.75,5.64,6.59,6.84,4.93,6.34,7.14,6.73,6.19,5.43,6.93,6.85,6.45,6.96,6.6,6.61,6.34,5.58,6.24,4.9,5.39,6.36,6.11,5.87,5.36,5.76,6.27,6.67,5.9,6.34,6.54,6.24,6.36,6.2,6.48,6.93,7.42,6.4,6.28,6.45,6.39,6.38,5.2,4.0,6.39,5.62,6.49,7.09,5.0,6.43,6.64,6.93,"5-chloro-N-[(E)-1-pyridin-2-ylethylideneamino]-1,3-benzothiazol-2-amine",527898.0,6.1770000000000005,5.946,6.333333333333333,6.228571428571429,5.791,6.6071428571428585,6.32375,4.6,6.733333333333333,6.733333333333333,4.6,2.1333333333333337,LE,PR,CC(=NNC1=NC2=C(S1)C=CC(=C2)Cl)C3=CC=CC=N3
708049,6.93,4.82,5.88,7.15,5.8,6.18,4.72,5.98,4.27,4.78,4.92,8.0,5.24,8.0,7.3,6.91,5.4,7.84,8.0,8.0,7.94,8.0,8.0,8.0,7.32,7.53,7.07,4.16,4.27,5.91,4.0,4.68,7.15,6.5,4.87,4.21,4.41,5.3,4.97,6.24,4.35,4.91,8.0,5.57,7.52,5.83,4.39,7.27,4.54,6.13,6.87,6.55,7.37,4.71,6.8,7.37,4.0,6.28,7.08,7.1,"piperazine-2,2,5,5-tetracarbonitrile, 3,6-dipropyl-",529651.0,6.1548333333333325,6.1160000000000005,5.251111111111111,6.9557142857142855,5.859,5.892857142857144,6.33875,6.71,7.989999999999999,7.989999999999999,5.251111111111111,2.738888888888888,LE,LC,CCCC1C(NC(C(N1)(C#N)C#N)CCC)(C#N)C#N
717167,8.0,4.0,4.0,4.0,7.15,8.0,7.69,8.0,7.62,6.61,8.0,5.64,8.0,8.0,8.0,8.0,7.42,8.0,8.0,8.0,8.0,8.0,7.12,8.0,8.0,8.0,8.0,4.0,4.0,8.0,8.0,8.0,8.0,8.0,8.0,4.0,6.41,6.06,4.0,8.0,8.0,8.0,8.0,8.0,4.0,4.0,,8.0,6.99,6.13,4.0,7.88,8.0,6.2,8.0,6.78,8.0,8.0,7.66,8.0,"7-(2,5-Dimethoxyphenyl)-7,8,9,10-tetrahydropyrimido[4,5-c]isoquinoline-1,3-diamine",534052.0,7.040000000000001,5.43,6.7188888888888885,7.58,7.2,6.186666666666667,7.58,5.9399999999999995,7.853333333333333,7.853333333333333,5.43,2.423333333333333,LE,BR,COC1=CC(=C(C=C1)OC)C2CCCC3=C4C(=NC(=NC4=NC=C23)N)N
720065,7.29,5.71,9.0,5.74,5.8,5.97,9.0,9.0,5.88,9.0,6.78,5.89,5.93,8.28,5.74,6.68,6.2,6.92,9.0,9.0,6.79,9.0,9.0,9.0,8.35,5.92,6.06,5.71,5.72,5.99,5.51,6.92,6.39,5.9,6.42,6.34,6.0,7.73,5.58,5.88,5.65,8.67,6.23,5.9,5.84,6.31,5.76,5.69,6.92,5.86,6.4,5.58,9.0,5.91,5.86,9.0,9.0,5.51,5.73,9.0,Vedelianin,91145474.0,6.847333333333333,6.708,6.5,6.520000000000001,6.247,6.04,7.376250000000001,5.99,8.631666666666666,8.631666666666666,5.99,2.6416666666666657,LE,PR,CC(=CCC1=C(C=C(C=C1O)C=CC2=CC3=C(C(=C2)O)OC4(CC(C(C(C4C3)(C)C)O)O)C)O)C
724780,7.22,4.0,4.0,6.650000000000001,7.71,7.22,6.48,7.07,4.0,4.0,8.0,7.510000000000001,4.0,7.53,7.18,7.72,7.47,7.44,7.97,7.34,7.239999999999999,6.91,8.0,7.93,7.59,8.0,6.63,4.0,4.0,6.61,7.169999999999999,5.5,6.900000000000001,,6.96,6.099999999999999,4.0,6.34,6.45,6.81,4.0,7.39,6.150000000000001,4.0,6.05,4.0,4.0,7.169999999999999,4.0,5.44,8.0,4.0,6.07,4.0,7.05,5.39,4.0,6.7,6.87,6.61,"(1s,4r,5r,12r,13s)-9-[(2-{[(1s,4r,5r,8r,12r,13s)-1,5-dim...",537770.0,6.17864406779661,5.916,6.022222222222222,6.978571428571429,6.266666666666667,4.951428571428571,5.83625,6.0,7.564999999999999,7.564999999999999,4.951428571428571,2.6135714285714275,LE,OV,CC1CCC2C(=C(OC3C24C1CCC(O3)(OO4)C)C(F)(F)F)COCCOCC5=C(OC6C78C5CCC(C7CCC(O6)(OO8)C)C)C(F)(F)F
724784,6.95,4.94,4.43,5.51,7.8,5.35,4.92,5.0,4.51,4.87,4.92,6.65,,6.93,8.0,7.81,8.0,7.06,7.02,8.0,7.79,5.96,8.0,7.5,6.86,6.99,4.97,5.02,4.87,5.45,5.68,5.7,6.75,,4.82,4.94,4.83,4.97,5.36,7.15,4.53,5.58,5.55,5.72,8.0,6.13,7.31,6.63,4.29,6.69,8.0,4.81,6.24,4.59,5.53,6.57,5.89,5.88,6.21,5.87,"(1s,4r,5r,8r,12r,13s)-1,5-dimethyl-9-methylene-11,14,15,...",537774.0,6.074137931034482,5.926,5.303333333333334,7.408333333333334,5.81,6.395714285714285,5.8475,6.404999999999999,7.378333333333333,7.408333333333334,5.303333333333334,2.1050000000000004,CO,LC,CC1CCC2C(=C)C(OC3C24C1CCC(O3)(OO4)C)OCC=CCOC5C(=C)C6CCC(C7C68C(O5)OC(CC7)(OO8)C)C
727208,8.0,4.51,6.59,5.45,4.46,7.92,8.0,8.0,7.04,,8.0,8.0,,8.0,8.0,8.0,8.0,8.0,8.0,6.31,8.0,8.0,7.3,8.0,8.0,8.0,8.0,8.0,4.0,8.0,4.0,8.0,6.67,,7.06,6.98,8.0,5.14,7.86,7.6,7.57,8.0,8.0,7.98,6.75,4.0,7.4,7.63,8.0,8.0,7.04,7.15,8.0,7.88,8.0,8.0,7.1,6.17,8.0,6.24,"3-(3,4-dimethoxyphenyl)-4-(4-methoxyphenyl)-2(5h)-furanone",48427190.0,7.2596491228070175,5.8020000000000005,7.356666666666667,8.0,6.963333333333334,7.108571428571429,7.42375,7.095000000000001,7.601666666666667,8.0,5.8020000000000005,2.1979999999999995,CO,BR,COC1=CC=C(C=C1)C2=C(C(=O)OC2)C3=CC(=C(C=C3)OC)OC
727718,8.0,5.35,4.48,5.0,4.34,8.0,8.0,8.0,4.46,4.0,8.0,8.0,8.0,8.0,8.0,5.12,5.57,8.0,,,8.0,8.0,,,7.04,4.59,5.13,4.89,4.58,8.0,4.0,6.38,8.0,,,8.0,8.0,8.0,4.61,8.0,4.8,8.0,8.0,,,,8.0,4.28,4.0,4.42,8.0,5.34,8.0,,8.0,8.0,,,,5.61,(+)-leucascandrolide a,48427463.0,6.552978723404255,5.433999999999999,7.17625,7.241428571428571,5.845555555555555,5.175000000000001,7.4025,6.67,8.0,8.0,5.175000000000001,2.8249999999999993,LE,OV,CC1CCC2CC(OC(=O)CC3CC(CC(O3)CC(CC1O2)OC)OC(=O)C=CCCC4=COC(=N4)C=CCNC(=O)OC)C=CCC(C)C
727719,8.0,4.95,4.74,7.8,4.41,8.0,8.0,8.0,4.64,4.49,5.85,5.96,,8.0,,6.13,5.37,8.0,,,8.0,,,,,4.77,5.37,4.69,4.92,8.0,4.0,7.2,,,8.0,8.0,8.0,,4.89,,5.05,8.0,,5.6,,4.63,6.06,4.0,4.19,4.23,6.66,5.81,8.0,4.87,,8.0,,8.0,5.81,4.6,(-)-Leucascandrolide A,48427464.0,6.174772727272728,5.9799999999999995,6.989999999999999,6.692,5.564285714285714,4.785,6.546666666666667,6.234999999999999,8.0,8.0,4.785,3.215,LE,OV,CC1CCC2CC(OC(=O)CC3CC(CC(O3)CC(CC1O2)OC)OC(=O)C=CCCC4=COC(=N4)C=CCNC(=O)OC)C=CCC(C)C
732936,5.74,5.77,4.94,5.16,4.31,4.4,6.15,5.33,6.0,5.91,6.66,5.12,6.07,8.0,8.0,6.93,5.58,5.98,7.33,5.48,6.85,8.0,7.53,8.0,6.76,,7.42,4.88,5.33,5.8,5.81,5.43,5.52,,6.44,5.39,7.0,6.5,5.49,5.81,5.57,4.62,5.45,5.48,5.58,5.87,4.95,7.79,4.6,6.46,6.21,5.34,7.88,,7.34,5.63,6.07,5.75,5.44,5.38,"5,6-dihydro-6-(3-dimethylamino-1-propyl)-2,3-methylenedi...",91145684.0,6.039122807017544,5.183999999999999,5.807777777777778,6.525714285714287,5.86875,5.8185714285714285,6.212857142857142,5.775,7.198333333333333,7.198333333333333,5.183999999999999,2.014333333333334,LE,BR,CN(C)CCCN1C2=C(C3=CC4=C(C=C3C1=O)OCO4)C(=O)C5=CC=CC=C52
733504,8.0,4.94,8.0,8.0,8.0,5.37,8.0,8.0,5.19,8.0,8.0,4.94,5.739999999999999,5.15,7.88,5.72,6.25,4.98,8.0,4.9,5.88,8.0,8.0,8.0,8.0,8.0,5.44,8.0,4.95,5.71,5.23,6.52,6.96,,8.0,8.0,8.0,7.7,8.0,8.0,8.0,8.0,8.0,8.0,8.0,8.0,8.0,5.88,8.0,6.0,8.0,8.0,8.0,8.0,8.0,8.0,8.0,5.96,8.0,8.0,Everolimus,48430111.0,7.174406779661016,7.388,7.966666666666667,5.808571428571428,6.5344444444444445,7.411428571428572,7.745,8.0,7.13,8.0,5.808571428571428,2.191428571428572,PR,CO,CC1CCC2CC(C(=CC=CC=CC(CC(C(=O)C(C(C(=CC(C(=O)CC(OC(=O)C3CCCCN3C(=O)C(=O)C1(O2)O)C(C)CC4CCC(C(C4)OC)OCCO)C)C)O)OC)C)C)C)OC
733882,9.0,4.48,5.0,5.74,5.8,8.0,7.48,9.0,9.0,5.46,6.8,4.54,7.89,9.0,5.0,5.55,5.47,8.0,9.0,,7.11,9.0,7.99,8.0,7.15,6.75,9.0,5.0,4.82,7.97,7.97,6.65,6.6,,5.96,4.72,9.0,7.19,6.57,9.0,5.54,8.0,9.0,5.0,6.81,5.0,4.0,5.9,9.0,9.0,7.68,9.0,6.59,6.41,7.35,8.75,8.86,6.5,4.82,8.0,"6-(3-azidopropyl)-5,6-dihydro-9-methoxy-3-nitro-5,11-dio...",91145698.0,7.032241379310345,6.004,7.220000000000001,6.492857142857143,6.8788888888888895,6.387142857142857,7.16,8.34,8.22,8.34,6.004,2.3360000000000003,PR,BR,COC1=CC2=C(C=C1)C3=C(C2=O)C4=C(C=C(C=C4)[N+](=O)[O-])C(=O)N3CCCN=[N+]=[N-]
735012,6.15,6.66,6.04,5.59,5.08,7.06,7.58,6.42,7.54,6.35,6.57,6.8,6.42,7.36,6.62,8.3,6.5,7.58,8.3,6.81,7.51,8.3,8.3,8.3,7.49,6.06,6.4,5.96,5.63,6.86,5.51,6.44,6.36,,5.48,5.36,6.2,6.1,6.8,7.26,6.09,4.3,6.41,8.23,6.61,6.63,6.17,7.55,5.6,5.92,6.21,6.09,6.99,5.97,5.96,6.45,7.97,6.91,5.24,5.25,"bis-{(5,6-dihydro-5,11-diketo-3-nitro-11h-indeno[1,2-c]i...",91145724.0,6.586440677966103,5.904000000000001,6.0,7.082857142857143,6.30111111111111,6.672857142857143,6.342499999999999,6.15,7.919999999999999,7.919999999999999,5.904000000000001,2.0159999999999982,LE,BR,C1=CC=C2C(=C1)C3=C(C2=O)C4=C(C=C(C=C4)[N+](=O)[O-])C(=O)N3CCNCCCNCCN5C6=C(C7=C(C5=O)C=C(C=C7)[N+](=O)[O-])C(=O)C8=CC=CC=C86.C(=O)(C(F)(F)F)O
754230,8.0,,4.0,4.0,4.0,8.0,8.0,8.0,8.0,6.599999999999999,8.0,7.599999999999999,7.97,8.0,8.0,8.0,8.0,8.0,8.0,8.0,8.0,8.0,8.0,8.0,8.0,4.71,8.0,4.0,7.07,8.0,7.61,8.0,8.0,,8.0,8.0,8.0,,8.0,7.52,4.86,8.0,8.0,8.0,8.0,5.8,8.0,8.0,8.0,8.0,8.0,8.0,8.0,8.0,8.0,8.0,8.0,8.0,8.0,8.0,Pralatrexate,131408688.0,7.50421052631579,5.0,7.547499999999999,7.938571428571429,7.043333333333333,7.685714285714285,8.0,8.0,8.0,8.0,5.0,3.0,RE,BR,C#CCC(CC1=CN=C2C(=N1)C(=NC(=N2)N)N)C3=CC=C(C=C3)C(=O)NC(CCC(=O)O)C(=O)O
755770,4.0,6.18,4.46,4.37,4.34,4.66,4.98,4.59,4.58,4.67,6.14,8.0,8.0,7.28,5.17,8.0,7.150000000000001,8.0,4.0,8.0,5.760000000000001,4.08,4.45,5.510000000000001,8.0,8.0,8.0,8.0,8.0,5.78,8.0,8.0,8.0,,5.78,6.989999999999999,8.0,7.419999999999999,5.27,7.739999999999999,7.05,4.96,4.66,6.599999999999999,4.36,4.64,8.0,4.68,4.61,4.76,4.08,4.65,4.21,8.0,5.71,5.78,6.27,4.82,7.5,6.82,PD-0325901,440798885.0,6.093389830508475,4.67,6.429999999999999,7.371428571428572,7.753333333333334,5.378571428571428,6.13875,4.365,5.300000000000001,7.753333333333334,4.365,3.3883333333333336,ME,PR,C1=CC(=C(C=C1I)F)NC2=C(C=CC(=C2F)F)C(=O)NOCC(CO)O
757427,7.99,4.0,4.0,7.25,6.12,7.44,7.43,7.42,7.29,7.04,7.32,7.15,7.44,8.0,7.39,8.0,7.51,8.0,8.0,8.0,8.0,7.4,7.33,8.0,8.0,4.0,8.0,4.0,6.16,7.17,6.83,7.38,8.0,,7.4,4.4,7.29,6.8,7.37,7.22,7.31,7.41,7.1,7.08,7.17,4.0,7.43,7.79,7.06,7.55,8.0,8.0,8.0,7.34,7.36,8.0,6.96,8.0,7.01,7.5,aminopterin,144075325.0,7.112033898305084,5.872000000000001,6.9222222222222225,7.6414285714285715,6.615555555555556,6.868571428571428,7.52125,8.0,7.788333333333333,8.0,5.872000000000001,2.1279999999999992,PR,BR,C1=CC(=CC=C1C(=O)NC(CCC(=O)O)C(=O)O)NCC2=CN=C3C(=N2)C(=NC(=N3)N)N
757440,6.400000000000001,4.94,8.0,7.77,8.0,4.97,8.0,8.0,5.34,8.0,7.98,4.91,5.0,4.94,4.93,4.96,4.98,4.95,5.27,4.74,5.04,5.53,5.2,,8.0,8.0,4.92,5.64,4.95,5.38,5.73,6.78,5.75,,8.0,8.0,8.0,6.97,6.580000000000001,4.96,7.66,8.0,8.0,8.0,4.96,6.72,4.93,8.0,7.510000000000001,4.98,8.0,4.96,4.97,8.0,4.97,4.99,8.0,4.95,8.0,8.0,Deforolimius,440796027.0,6.363965517241379,7.022,7.352222222222222,4.952857142857143,6.127777777777778,6.442857142857142,6.484999999999999,6.48,5.156000000000001,7.352222222222222,4.952857142857143,2.3993650793650794,LC,CO,CC1CCC2CC(C(=CC=CC=CC(CC(C(=O)C(C(C(=CC(C(=O)CC(OC(=O)C3CCCCN3C(=O)C(=O)C1(O2)O)C(C)CC4CCC(C(C4)OC)OP(=O)(C)C)C)C)O)OC)C)C)C)OC
758246,4.95,5.900000000000001,5.39,5.22,4.88,5.31,5.37,5.96,5.57,5.54,6.919999999999999,8.0,8.0,8.0,6.25,8.0,8.0,8.0,5.14,8.0,7.02,5.22,5.489999999999999,5.44,8.0,8.0,8.0,8.0,8.0,8.0,8.0,8.0,8.0,,7.580000000000001,7.97,8.0,8.0,5.739999999999999,8.0,7.849999999999999,5.48,5.15,7.760000000000001,5.12,6.510000000000001,8.0,5.33,5.16,5.57,5.26,5.47,5.32,8.0,6.64,6.72,7.239999999999999,5.599999999999999,8.0,6.12,Trametinib,440803816.0,6.697627118644069,5.268,7.085555555555555,7.75,8.0,6.207142857142856,6.705,5.365,6.051666666666666,8.0,5.268,2.732,ME,BR,CC1=C2C(=C(N(C1=O)C)NC3=C(C=C(C=C3)I)F)C(=O)N(C(=O)N2C4=CC=CC(=C4)NC(=O)C)C5CC5
758664,8.3,5.46,8.3,8.13,8.3,5.28,8.3,8.3,6.55,8.3,8.3,5.23,5.28,5.38,5.88,6.05,5.62,5.26,,5.07,5.56,8.15,8.3,8.3,7.35,8.3,5.27,5.28,5.71,6.02,5.5,8.3,6.21,,8.3,8.3,5.3,8.3,8.3,6.02,8.3,8.3,5.62,8.3,5.3,8.3,5.17,8.3,8.3,5.86,8.3,5.62,5.26,8.3,5.97,5.07,8.3,5.29,5.25,8.3,Rapamycin,144075687.0,6.852931034482759,7.698000000000002,7.415555555555557,5.528571428571428,6.437777777777779,7.075714285714286,6.4675,6.960000000000001,7.0760000000000005,7.698000000000002,5.528571428571428,2.1694285714285746,BR,CO,CC1CCC2CC(C(=CC=CC=CC(CC(C(=O)C(C(C(=CC(C(=O)CC(OC(=O)C3CCCCN3C(=O)C(=O)C1(O2)O)C(C)CC4CCC(C(C4)OC)O)C)C)O)OC)C)C)C)OC
759877,4.92,7.66,7.6,5.36,6.39,7.21,5.5,7.3,4.79,8.0,5.46,7.19,4.88,5.45,6.14,7.62,4.99,4.87,5.2,4.91,8.0,5.23,4.83,5.21,7.86,5.22,5.48,4.87,5.15,4.97,4.88,5.6,5.27,,6.98,5.49,7.2,8.0,5.46,5.54,7.26,5.12,7.19,7.84,5.94,4.99,7.55,7.28,7.02,5.68,7.07,6.62,7.45,8.0,7.67,7.96,7.96,7.92,7.45,7.62,Dasatinib,144076207.0,6.343559322033898,6.386,6.47111111111111,5.877142857142857,5.477777777777778,6.614285714285715,7.75375,6.845000000000001,5.5633333333333335,7.75375,5.477777777777778,2.2759722222222223,RE,ME,CC1=C(C(=CC=C1)Cl)NC(=O)C2=CN=C(S2)NC3=CC(=NC(=N3)C)N4CCN(CC4)CCO
761215,4.63,7.41,5.599999999999999,4.8,4.8,5.11,4.8,5.349999999999999,4.94,5.2,6.04,8.0,8.0,8.0,5.98,8.0,7.62,8.0,4.78,8.0,6.79,4.76,4.9,5.3,6.78,8.0,8.0,8.0,8.0,7.14,8.0,8.0,8.0,,6.53,7.260000000000001,7.93,8.0,5.830000000000001,7.82,7.79,4.88,4.9,6.87,4.87,5.2,8.0,5.33,4.8,4.97,4.81,5.24,4.98,8.0,5.77,6.29,6.73,5.23,6.02,6.94,TAK-733,440807247.0,6.402033898305085,5.4479999999999995,6.771111111111111,7.6571428571428575,7.768888888888889,5.72,6.245,5.025,5.754999999999999,7.768888888888889,5.025,2.743888888888889,ME,PR,CN1C2=C(C(=C(C1=O)F)NC3=C(C=C(C=C3)I)F)C(=O)N(C=N2)CC(CO)O
762521,4.54,6.7,4.74,4.76,4.53,4.71,4.69,5.17,5.900000000000001,4.78,6.38,8.0,7.91,7.69,5.5,8.0,7.23,8.0,4.41,8.0,5.919999999999999,4.41,4.75,4.72,6.8,8.0,8.0,8.0,8.0,7.12,8.0,8.0,8.0,,6.22,7.03,8.0,7.650000000000001,5.72,8.0,6.96,4.92,4.54,6.94,4.59,4.87,8.0,4.92,4.53,4.8,4.56,4.95,4.7,8.0,5.419999999999999,6.94,6.68,5.8,6.22,6.669999999999999,RO-4987655,440798907.0,6.254067796610171,5.054,6.56,7.475714285714285,7.768888888888889,5.521428571428571,6.303749999999999,4.755,5.368333333333333,7.768888888888889,4.755,3.0138888888888893,ME,PR,C1CC(=O)N(OC1)CC2=CC(=C(C(=C2F)F)NC3=C(C=C(C=C3)I)F)C(=O)NOCCO
768068,5.400000000000001,7.19,5.36,4.94,5.08,5.39,4.88,5.56,5.08,5.33,6.44,8.0,7.650000000000001,7.06,5.94,8.0,8.0,7.34,5.08,7.53,6.13,5.349999999999999,6.73,5.760000000000001,7.54,8.0,8.0,8.0,8.0,7.080000000000001,8.0,8.0,8.0,,6.830000000000001,,7.34,7.68,5.489999999999999,8.0,8.0,5.62,4.92,6.669999999999999,5.08,6.06,8.0,4.99,5.23,5.07,5.23,5.52,5.09,7.43,6.2,5.39,6.19,5.989999999999999,8.0,6.48,Cobimetinib (isomer 1),440795381.0,6.488620689655173,5.594000000000001,6.735,7.427142857142859,7.846666666666668,5.871428571428572,6.3462499999999995,5.375,6.096666666666667,7.846666666666668,5.375,2.4716666666666676,ME,PR,C1CCNC(C1)C2(CN(C2)C(=O)C3=C(C(=C(C=C3)F)F)NC4=C(C=C(C=C4)I)F)O
772291,7.489999999999999,4.92,4.88,6.63,4.19,7.23,7.16,7.3,6.260000000000001,6.080000000000001,7.330000000000001,7.28,6.63,7.32,6.56,7.66,6.900000000000001,7.73,7.56,7.11,8.0,7.44,6.36,7.89,7.44,4.0,7.41,4.15,7.14,6.43,6.82,7.21,7.36,,6.580000000000001,,7.13,7.11,8.0,5.57,6.11,7.47,7.5,6.260000000000001,6.38,7.14,7.150000000000001,7.37,7.79,7.06,8.0,7.53,8.0,7.45,7.36,7.48,7.61,7.36,7.14,7.14,Pelitrexol isomer B,440801794.0,6.923448275862069,5.622,6.93375,7.154285714285714,6.44,7.021428571428572,7.4425,7.765000000000001,7.393333333333334,7.765000000000001,5.622,2.1430000000000007,PR,BR,CC1=C(SC(=C1)C(=O)NC(CCC(=O)O)C(=O)O)CCC2CC3=C(NC2)N=C(NC3=O)N
772563,4.0,8.0,4.29,4.0,4.05,4.0,4.0,4.83,5.46,4.81,5.55,8.0,8.0,7.68,5.95,8.0,7.580000000000001,8.0,4.0,8.0,6.36,4.0,4.13,4.67,6.53,8.0,8.0,8.0,8.0,8.0,8.0,8.0,8.0,,4.86,,7.900000000000001,7.739999999999999,5.8,7.94,7.88,4.48,4.91,7.510000000000001,4.0,6.61,7.55,4.88,4.51,4.0,4.0,4.19,4.0,8.0,5.46,6.599999999999999,6.7,4.98,8.0,8.0,ARRY-704,440807268.0,6.179137931034483,4.868,6.438750000000001,7.6014285714285705,7.836666666666667,5.58,6.467499999999999,4.095000000000001,5.1933333333333325,7.836666666666667,4.095000000000001,3.7416666666666663,ME,PR,CC1=CC(=C(N(C1=O)C)NC2=C(C=C(C=C2)I)F)C(=O)NOCCO
778590,4.56,7.55,4.38,4.43,4.29,4.65,4.0,4.91,5.919999999999999,4.78,6.68,8.0,8.0,8.0,5.45,8.0,7.599999999999999,8.0,4.51,8.0,7.04,4.4,4.58,4.92,7.919999999999999,8.0,8.0,8.0,8.0,4.69,8.0,8.0,8.0,,6.349999999999999,,8.0,7.97,5.46,7.79,7.53,4.62,4.85,7.03,4.52,5.75,8.0,4.59,6.09,4.46,4.25,4.71,4.39,8.0,7.260000000000001,6.25,6.68,4.66,8.0,7.34,Cobimetinib (isomer 1),440810094.0,6.307068965517241,5.042,6.57125,7.578571428571429,7.623333333333333,5.777142857142858,6.5725,4.48,5.575,7.623333333333333,4.48,3.1433333333333326,ME,PR,C1=CC(=C(C=C1I)F)NC2=C(C=CC3=CN=CN32)C(=O)NOCCO
781761,5.13,6.87,6.31,5.63,6.11,6.05,5.650000000000001,6.36,5.56,5.96,6.16,7.75,6.489999999999999,7.239999999999999,6.419999999999999,7.57,6.38,6.53,5.12,7.34,6.71,6.13,6.21,5.989999999999999,6.669999999999999,8.0,8.0,7.489999999999999,8.0,6.36,7.86,8.0,7.66,,6.010000000000001,5.580000000000001,6.900000000000001,7.150000000000001,6.099999999999999,6.75,6.54,6.39,6.63,6.77,5.5,6.14,7.080000000000001,6.22,6.34,6.080000000000001,4.76,6.19,6.010000000000001,6.7,6.650000000000001,6.489999999999999,6.080000000000001,6.32,6.48,6.66,LY-3009120,440798942.0,6.512372881355933,6.01,6.45,6.911428571428572,7.559999999999999,6.304285714285713,6.42375,5.475,6.25,7.559999999999999,5.475,2.084999999999999,ME,PR,CC1=CC(=C(C=C1C2=C(N=C3C(=C2)C=NC(=N3)NC)C)NC(=O)NCCC(C)(C)C)F
785389,8.0,6.07,8.0,8.0,5.42,6.38,8.4,8.16,5.97,8.0,8.38,5.91,5.17,6.83,5.8,5.77,6.33,7.03,8.02,7.23,7.92,8.0,8.58,7.98,7.4,6.48,5.97,8.0,5.9,5.84,5.8,7.51,7.02,,5.91,5.4,5.89,8.01,5.54,5.64,5.12,7.19,5.75,5.69,4.92,5.2,5.27,5.0,5.68,5.0,8.0,6.95,7.57,7.47,6.02,6.07,8.0,4.93,5.0,6.34,-,440807724.0,6.590338983050847,7.098000000000001,6.050000000000001,6.12,6.657777777777778,5.251428571428571,6.425,7.475,7.955000000000001,7.955000000000001,5.251428571428571,2.70357142857143,LE,OV,CC1(C2CC3=C(C=CC(=C3)C(=O)NC4=CC5=C(C=C4)C6(CCN(CC6)CCCCC#N)C(=O)N5)OC2(CC(C1O)F)C)C
787877,8.0,5.32,4.0,6.25,4.0,8.29,8.0,8.25,7.66,4.99,8.0,8.01,,7.88,6.75,8.0,6.75,5.37,7.76,6.5,7.07,7.35,5.77,6.21,8.0,5.63,7.9,6.26,4.79,7.08,7.21,8.25,6.63,,8.0,4.68,8.0,5.41,4.61,7.35,4.0,8.68,7.26,5.79,4.0,4.05,4.0,7.88,7.73,7.84,,7.6,7.88,7.69,8.0,8.08,6.16,7.91,,8.0,-,440812893.0,6.759464285714286,5.514,6.443333333333333,7.126666666666666,6.861111111111112,5.8985714285714295,7.674285714285714,7.6,6.776666666666667,7.674285714285714,5.514,2.160285714285714,RE,BR,C1C(C(OC1N2C=C(C(=O)NC2=O)F)COP(=O)(O)OCCOCCOCCOCCOCCOCCO)OP(=O)(O)OCC3C(CC(O3)N4C=C(C(=O)NC4=O)F)OP(=O)(O)OCC5C(CC(O5)N6C=C(C(=O)NC6=O)F)OP(=O)(O)OCC7C(CC(O7)N8C=C(C(=O)NC8=O)F)OP(=O)(O)OCC9C(CC(O9)N1C=C(C(=O)NC1=O)F)OP(=O)(O)OCC1C(CC(O1)N1C=C(C(=O)NC1=O)F)OP(=O)(O)OCC1C(CC(O1)N1C=C(C(=O)NC1=O)F)OP(=O)(O)OCC1C(CC(O1)N1C=C(C(=O)NC1=O)F)OP(=O)(O)OCC1C(CC(O1)N1C=C(C(=O)NC1=O)F)OP(=O)(O)OCC1C(CC(O1)N1C=C(C(=O)NC1=O)F)OP(=O)(O)OCC1C(C(C(O1)N1C=CC(=NC1=O)N)O)O
789043,7.56,7.510000000000001,7.5,8.0,8.0,6.53,6.63,6.599999999999999,7.04,8.0,6.349999999999999,7.11,7.099999999999999,6.48,6.32,6.510000000000001,8.0,7.099999999999999,7.31,8.0,6.28,,8.0,7.32,6.45,4.0,6.41,6.46,4.93,6.81,5.17,6.669999999999999,6.69,,6.55,6.56,7.419999999999999,7.8,7.349999999999999,5.510000000000001,8.0,5.59,6.94,6.5,6.09,8.0,8.0,7.43,6.5,4.55,7.400000000000001,4.0,8.0,7.89,6.010000000000001,,6.080000000000001,8.0,6.77,6.64,ARV-825,440807289.0,6.8143859649122795,7.714,6.857777777777778,6.945714285714286,5.954444444444444,6.724285714285713,7.055714285714286,5.700000000000001,7.382,7.714,5.700000000000001,2.0139999999999993,BR,PR,CC1=C(SC2=C1C(=NC(C3=NN=C(N32)C)CC(=O)NC4=CC=C(C=C4)OCCOCCOCCOCCNC5=CC=CC6=C5C(=O)N(C6=O)C7CCC(=O)NC7=O)C8=CC=C(C=C8)Cl)C
789743,7.48,5.29,,,,,,,,,,,5.3,7.4,7.42,7.46,7.36,7.44,,,7.42,,,7.22,,,7.42,,5.3,,4.0,,7.61,,,,,,4.88,,,,,5.34,,,5.36,,,,,,,,,,,4.97,,,-,440804965.0,6.370555555555556,6.385,4.88,7.063333333333333,6.0825,5.35,4.97,,7.32,7.32,4.88,2.4400000000000004,LE,LC,COC1=CC(=C(C=C1)CN2C3=CC=CC=C3SC4=CC=CC=C42)F
791211,6.79,5.989999999999999,7.84,6.04,6.31,5.86,7.84,8.21,5.48,8.0,8.0,6.39,5.669999999999999,6.84,6.330000000000001,6.099999999999999,5.79,7.07,7.38,8.15,7.45,7.580000000000001,8.0,7.54,7.080000000000001,6.52,7.010000000000001,5.95,5.89,6.63,5.96,7.31,6.489999999999999,,6.830000000000001,6.099999999999999,6.98,6.62,5.0,5.75,5.43,7.07,5.88,5.47,5.5,5.57,5.46,5.650000000000001,6.739999999999999,5.04,7.52,7.06,7.82,7.849999999999999,5.97,7.400000000000001,8.38,5.7,5.72,6.59,-,440801949.0,6.620169491525424,6.593999999999999,6.184444444444445,6.312857142857142,6.537777777777778,5.632857142857143,6.92875,7.289999999999999,7.683333333333334,7.683333333333334,5.632857142857143,2.050476190476191,LE,OV,CC(=CCCC(=CCC1=C(C=C(C=C1O)NC(=O)C2=CC3=C(C(=C2)OC)OC4(CCC(C(C4C3)(C)C)O)C)O)C)C
799253,8.07,6.45,8.52,8.52,7.3,7.37,8.52,8.52,6.42,8.52,8.52,7.14,5.92,7.7,5.98,7.13,6.76,7.74,8.52,,8.03,8.25,8.52,8.25,7.86,6.74,7.44,8.28,7.48,6.94,7.52,8.01,7.46,,7.11,6.99,7.61,7.16,,6.43,5.77,7.85,7.18,7.55,6.12,6.32,6.26,5.5,7.37,4.86,8.14,7.54,8.31,8.16,6.33,6.99,8.52,5.58,5.98,7.02,-,440808119.0,7.3166666666666655,7.772,7.0125,6.909999999999999,7.525555555555556,6.282857142857142,7.11125,7.84,8.313999999999998,8.313999999999998,6.282857142857142,2.0311428571428563,LE,OV,CC(C)CCC(=O)C(C)C1C(CC2C1(CCC3C2CC=C4C3(CCC(C4)O)C)C)OC5C(C(C(CO5)O)OC6C(C(C(CO6)O)O)OC(=O)C7=CC=C(C=C7)OC)OC(=O)N
799353,5.0,8.13,5.0,5.0,5.0,5.0,5.0,5.07,6.98,5.0,5.0,9.0,8.57,8.04,6.04,8.78,7.55,8.64,5.0,8.54,6.56,5.0,5.0,5.0,8.06,9.0,8.85,8.51,8.64,5.0,8.88,8.67,8.39,,7.16,7.74,8.14,8.31,5.0,7.76,7.71,5.0,5.0,7.99,5.0,5.0,8.85,5.0,5.0,5.0,5.0,5.0,5.0,8.68,7.36,7.28,6.77,5.0,5.0,7.88,-,440802663.0,6.653050847457627,5.626,6.868888888888889,8.088571428571429,8.222222222222221,5.977142857142858,6.62125,5.0,5.849999999999999,8.222222222222221,5.0,3.2222222222222214,ME,PR,CC1=CC(=C(N(C1=O)C)NC2=C(C=C(C=C2)I)F)C(=O)NOCCO
800075,5.0,7.19,5.39,5.0,5.0,5.39,5.0,5.09,6.25,6.24,6.11,8.56,7.75,7.11,5.81,8.48,6.5,7.31,5.0,8.3,6.23,5.4,5.6,5.48,7.38,8.65,8.46,7.56,8.4,5.14,8.38,8.48,8.09,,6.49,6.44,7.45,7.26,6.13,6.99,6.54,5.6,5.28,6.97,5.0,5.0,7.47,5.0,5.92,5.27,5.07,5.31,5.37,7.43,6.23,5.0,6.5,5.82,6.57,6.21,-,440805449.0,6.407627118644068,5.516,6.464444444444445,7.36,7.837777777777777,5.804285714285713,6.14125,5.1899999999999995,6.001666666666668,7.837777777777777,5.1899999999999995,2.647777777777778,ME,PR,C1CCNC(C1)C2(CN(C2)C(=O)C3=C(C(=C(C=C3)F)F)NC4=C(C=C(C=C4)I)F)O
800087,5.0,7.67,8.43,5.0,6.77,7.12,6.69,7.46,6.2,9.0,5.52,7.4,5.0,7.41,6.45,7.66,5.11,5.0,5.0,5.0,9.0,5.73,5.0,5.36,8.14,5.31,5.55,5.0,5.34,5.0,5.0,5.27,5.38,,7.56,5.59,7.6,8.82,5.0,5.23,7.21,5.06,7.47,8.38,7.28,5.0,7.83,7.29,7.34,5.89,5.21,6.56,7.45,7.5,7.93,7.01,8.8,7.32,8.04,8.13,Dasatinib,440799867.0,6.550338983050849,6.574000000000001,6.615555555555556,6.29,5.554444444444445,7.001428571428572,7.772500000000001,5.885,5.848333333333334,7.772500000000001,5.554444444444445,2.218055555555556,RE,ME,CC1=C(C(=CC=C1)Cl)NC(=O)C2=CN=C(S2)NC3=CC(=NC(=N3)C)N4CCN(CC4)CCO
800840,5.0,7.4,5.0,5.0,5.0,5.0,5.0,5.0,5.0,5.0,5.85,8.76,9.0,7.73,6.22,8.43,7.26,8.38,5.0,6.58,6.89,5.0,5.0,5.0,8.3,8.63,9.0,8.45,8.54,5.0,8.62,8.62,8.47,,6.59,6.33,7.88,7.68,5.85,7.25,6.72,5.95,5.56,7.36,5.0,5.0,8.14,5.0,5.51,5.1,5.0,5.01,5.0,8.24,5.82,7.11,6.71,5.8,6.85,7.72,-,440808164.0,6.530677966101696,5.4799999999999995,6.645555555555556,7.968571428571429,8.181111111111111,5.872857142857143,6.65625,5.005,5.578333333333333,8.181111111111111,5.005,3.176111111111111,ME,PR,C1=CC(=C(C=C1I)F)NC2=C(C=CC(=C2F)F)C(=O)NOCC(CO)O
800854,5.0,7.02,5.0,5.0,5.0,5.0,5.0,5.0,5.0,5.0,5.39,8.53,8.23,7.29,5.24,8.48,7.22,7.7,5.0,8.47,6.38,5.0,5.0,5.0,6.68,8.41,8.46,8.29,8.54,5.0,8.48,8.61,7.95,,6.09,6.78,7.86,7.18,5.39,7.0,6.36,5.0,5.47,7.23,5.0,5.0,7.68,5.0,5.7,5.0,5.0,5.0,5.0,7.2,5.0,6.98,6.22,5.29,7.81,6.27,-,440796958.0,6.320000000000001,5.404,6.347777777777777,7.527142857142857,7.8244444444444445,5.801428571428572,6.2212499999999995,5.0,5.808333333333334,7.8244444444444445,5.0,2.8244444444444445,ME,PR,C1=CC(=C(C=C1I)F)NC2=C(C=CN=C2)C(=O)NCC(CO)O
800864,5.0,6.96,5.0,5.0,5.79,5.44,5.0,5.0,5.69,5.39,5.78,7.64,7.84,6.74,5.59,7.54,6.35,7.09,5.0,7.72,5.95,5.0,5.92,5.18,6.04,7.94,7.74,7.34,7.45,6.49,7.75,7.8,7.22,,6.22,6.53,7.17,6.69,5.0,6.54,6.23,6.2,5.07,6.63,5.0,5.13,6.97,5.38,5.3,5.0,5.0,5.12,5.79,6.73,6.09,6.63,5.96,5.53,6.75,6.45,-,440802652.0,6.17779661016949,5.55,6.183333333333334,6.970000000000001,7.307777777777779,5.63,6.241249999999999,5.0600000000000005,5.794999999999999,7.307777777777779,5.0600000000000005,2.2477777777777783,ME,PR,COC1=CC(=C(C(=C1NS(=O)(=O)C2(CC2)CC(CO)O)NC3=C(C=C(C=C3)I)F)F)F
800870,5.0,7.34,5.0,5.0,5.0,5.0,5.0,5.0,6.15,5.83,6.6,8.52,9.0,7.9,5.41,8.68,7.52,8.06,5.0,9.0,6.49,5.0,5.58,5.0,6.41,9.0,8.85,8.49,8.74,6.8,8.9,9.0,8.34,,7.12,6.92,8.43,7.95,5.0,7.49,7.02,5.0,5.21,7.78,5.0,5.21,8.75,5.0,6.2,5.0,5.0,5.12,5.0,7.69,7.02,7.56,6.69,6.29,8.25,6.19,-,440808133.0,6.686440677966103,5.468,6.682222222222221,7.87,8.28111111111111,6.134285714285715,6.83625,5.0600000000000005,6.011666666666667,8.28111111111111,5.0600000000000005,3.22111111111111,ME,PR,C1CC(=O)N(OC1)CC2=CC(=C(C(=C2F)F)NC3=C(C=C(C=C3)I)F)C(=O)NOCCO
800871,5.0,6.7,5.0,5.0,5.0,5.0,5.0,5.0,5.0,5.0,5.0,8.15,7.82,7.12,5.0,7.82,6.27,8.14,5.0,7.98,5.7,5.0,5.07,5.0,5.69,8.68,7.57,8.26,7.52,5.78,7.83,8.56,7.65,,5.88,6.43,7.74,7.2,5.0,6.91,6.12,5.0,5.0,7.26,5.0,5.5,8.43,5.0,5.01,5.0,5.0,5.0,5.0,7.76,5.0,6.97,5.31,5.18,6.79,6.11,-,440802645.0,6.151016949152543,5.34,6.142222222222222,7.188571428571428,7.504444444444445,5.885714285714285,6.015,5.0,5.625,7.504444444444445,5.0,2.504444444444445,ME,PR,CC1=C(C(=O)OC2=C1C=CC(=C2)OC3=NC=CC=N3)CC4=C(C(=NC=C4)NS(=O)(=O)NC)F
800940,7.24,7.29,5.11,5.0,6.99,7.04,6.35,5.41,5.0,5.0,7.14,8.57,8.52,8.39,5.54,8.6,7.48,8.27,6.76,9.0,6.59,5.0,7.11,5.0,7.43,8.7,9.0,8.7,8.52,6.87,8.56,8.64,8.19,,7.32,7.58,8.15,7.92,7.4,7.7,7.69,7.05,7.5,7.52,5.0,5.01,8.34,6.96,6.84,5.0,5.0,5.23,6.73,7.99,7.27,6.21,6.7,5.18,8.11,7.77,-,440808143.0,7.053898305084745,6.3260000000000005,7.59,7.909999999999998,8.29,6.381428571428572,6.995,5.115,6.576666666666667,8.29,5.115,3.174999999999999,ME,PR,CN1C2=C(C(=C(C1=O)F)NC3=C(C=C(C=C3)I)F)C(=O)N(C=N2)CC(CO)O
800954,8.41,5.73,8.75,8.86,9.0,5.0,9.0,8.39,8.18,9.0,7.28,5.45,8.0,5.0,7.18,5.83,5.0,5.0,7.43,5.0,5.14,6.66,9.0,8.6,8.09,9.0,5.44,5.78,6.98,6.09,5.0,8.14,5.77,,8.41,8.55,8.92,8.7,8.88,5.87,6.75,8.77,6.44,9.0,5.93,9.0,5.0,8.47,8.98,5.62,8.68,8.45,7.19,8.46,5.07,8.27,9.0,5.0,8.56,8.98,-,440802659.0,7.324237288135594,8.15,7.92111111111111,5.922857142857143,6.69888888888889,7.428571428571428,7.56625,8.565,6.971666666666668,8.565,5.922857142857143,2.642142857142857,PR,CO,CC1CCC2CC(C(=CC=CC=CC(CC(C(=O)C(C(C(=CC(C(=O)CC(OC(=O)C3CCCCN3C(=O)C(=O)C1(O2)O)C(C)CC4CCC(C(C4)OC)OC(=O)C(C)(CO)CO)C)C)O)OC)C)C)C)OC
800956,5.14,8.07,5.02,5.03,5.0,5.43,5.0,5.87,5.0,6.11,5.0,9.0,9.0,8.3,6.15,9.0,7.23,8.63,5.0,9.0,6.5,5.03,5.0,5.0,7.32,9.0,8.52,8.87,8.49,5.48,9.0,9.0,8.07,,6.39,7.66,8.69,8.28,5.0,7.77,7.19,5.74,6.26,8.18,5.0,5.97,7.65,5.35,6.98,5.0,5.0,5.79,5.0,9.0,7.06,7.94,6.66,6.24,7.31,7.58,-,440808161.0,6.812711864406779,5.652,6.997777777777777,8.187142857142858,8.194444444444445,6.304285714285713,7.09875,5.395,5.921666666666667,8.194444444444445,5.395,2.799444444444445,ME,PR,CC1=C2C(=C(N(C1=O)C)NC3=C(C=C(C=C3)I)F)C(=O)N(C(=O)N2C4=CC=CC(=C4)NC(=O)C)C5CC5
800998,5.0,7.49,5.0,5.0,5.0,5.0,5.0,5.0,5.0,5.11,5.0,8.52,8.39,7.81,6.3,8.39,7.62,8.41,5.0,9.0,6.18,5.0,5.0,5.0,6.6,8.77,8.65,8.43,8.57,5.0,8.63,8.59,8.05,,6.61,7.2,8.25,7.89,5.35,7.48,7.88,5.0,5.87,7.92,5.0,5.0,8.52,5.0,6.0,5.0,5.0,5.0,5.0,8.49,6.92,7.61,6.66,5.0,8.05,7.14,-,440805433.0,6.582203389830509,5.498,6.836666666666667,7.92,7.92111111111111,6.062857142857142,6.858750000000001,5.0,5.863333333333333,7.92111111111111,5.0,2.9211111111111103,ME,PR,C1=CC(=C(C=C1I)F)NC2=C(C=CC3=CN=CN32)C(=O)NOCCO
801017,5.0,8.06,7.76,5.0,7.41,7.02,7.07,7.55,5.0,8.67,5.83,7.09,5.0,7.55,6.38,7.68,5.41,5.0,5.0,5.0,8.67,5.0,5.41,5.0,7.91,5.63,5.22,5.0,5.55,5.0,5.0,5.96,5.2,,6.79,6.35,7.3,8.65,5.31,5.0,7.37,5.0,7.49,8.7,6.94,5.0,7.86,6.97,7.63,6.01,6.55,6.62,8.07,7.57,7.9,8.33,7.89,7.05,8.42,8.11,-,440799877.0,6.5747457627118635,6.646000000000001,6.584444444444444,6.301428571428572,5.607777777777778,7.015714285714286,7.9175,6.585,5.68,7.9175,5.607777777777778,2.3097222222222227,RE,ME,CC1=C(C(=CC=C1)Cl)NC(=O)C2=CN=C(S2)NC3=CC(=CC(=C3)N4CCOCC4)N5CCOCC5
801230,8.0,8.0,8.0,5.510000000000001,7.98,4.99,7.22,8.0,7.63,8.0,6.400000000000001,8.0,7.48,7.97,7.95,8.0,6.510000000000001,5.3,6.739999999999999,8.0,8.0,5.79,8.0,8.0,8.0,7.04,8.0,5.43,5.47,8.0,7.760000000000001,8.0,8.0,,7.21,6.73,7.29,8.0,7.080000000000001,6.8,7.13,6.34,8.0,8.0,7.48,7.61,6.900000000000001,7.41,8.0,6.73,5.93,4.96,6.96,6.84,7.55,8.0,6.43,5.93,8.0,8.0,BMS-986158,440798971.0,7.228474576271187,7.498,7.1755555555555555,7.315714285714285,7.300000000000001,7.447142857142858,7.21375,5.445,7.421666666666667,7.498,5.445,2.053,BR,PR,CC1=C(N(N=N1)C)C2=CC3=C(C4=C(N3C(C5CCOCC5)C6=CC=CC=C6)C=C(C=C4)C(C)(C)O)N=C2
806797,7.11,6.02,8.0,7.73,7.3,7.38,8.0,8.0,7.07,8.0,7.92,6.79,5.31,7.21,5.89,6.27,6.17,7.53,8.0,7.16,8.0,7.82,8.0,7.99,7.58,6.92,7.4,7.7,7.73,7.46,6.76,7.77,7.16,,6.84,5.79,7.25,7.88,6.24,6.02,5.04,7.28,6.78,6.48,4.97,5.95,6.05,4.9,6.48,4.88,7.99,5.45,8.0,7.94,6.3,7.55,8.0,4.95,5.65,7.06,-,443698632.0,6.93,7.231999999999999,6.568888888888889,6.452857142857143,7.386666666666667,5.672857142857143,6.93125,6.720000000000001,7.828333333333334,7.828333333333334,5.672857142857143,2.1554761904761914,LE,OV,CC(C)CCC(=O)C(C)C1C(CC2C1(CCC3C2CC=C4C3(CCC(C4)O)C)C)OC5C(C(C(CO5)O)OC6C(C(C(CO6)O)O)OC(=O)OC7=CC=C(C=C7)OC)OC(=O)C
809973,8.0,5.39,4.0,4.0,7.14,7.489999999999999,8.0,8.0,8.0,4.0,8.0,8.0,8.0,8.0,8.0,8.0,8.0,8.0,8.0,7.79,8.0,8.0,8.0,8.0,8.0,4.98,7.68,4.0,5.22,7.64,4.0,8.0,7.510000000000001,,8.0,5.08,7.19,4.93,4.0,6.72,6.46,8.0,8.0,8.0,7.14,4.0,4.0,8.0,5.52,8.0,8.0,7.44,8.0,5.33,7.830000000000001,8.0,4.0,7.29,,5.97,BAY-2402234,440813314.0,6.857586206896553,5.706,6.486666666666667,8.0,6.336666666666666,6.38,6.631428571428572,7.720000000000001,7.965,8.0,5.706,2.2939999999999996,CO,BR,CCN1C(=NN(C1=O)C2=C(C=C(C(=C2)OC(C)C(F)(F)F)C(=O)NC3=C(C=CC=C3Cl)F)F)CO
810716,5.52,7.07,5.5,5.51,5.55,5.35,5.49,6.18,5.37,4.52,5.57,7.27,6.17,6.66,5.48,7.18,5.62,6.28,5.5,6.73,6.6,5.4,5.72,5.64,7.46,7.7,7.47,7.07,7.34,5.94,6.9,7.32,6.73,,5.54,5.57,5.96,6.8,6.48,6.52,5.54,5.79,5.43,6.24,5.07,4.93,6.66,5.63,4.75,5.59,4.93,5.04,5.22,6.87,5.97,5.9,5.32,5.58,5.39,6.54,-,459277693.0,6.018135593220339,5.83,5.958888888888889,6.380000000000001,7.103333333333334,5.552857142857143,5.84875,4.984999999999999,5.931666666666666,7.103333333333334,4.984999999999999,2.118333333333335,ME,PR,CC1=CC(=CC(=C1)C(C)(C)C#N)C(=O)NC2=C(C=CC(=C2)NC3=C(C=CC=N3)C4=C5C(=NC=N4)N=CN5)F
826040,5.760000000000001,4.84,4.6,7.09,5.94,4.29,5.39,8.0,7.52,5.11,6.61,8.0,5.77,8.0,8.0,8.0,8.0,8.0,8.0,5.72,8.0,6.19,7.900000000000001,5.8,6.37,4.99,8.0,4.91,4.76,5.400000000000001,4.71,4.65,8.0,,7.010000000000001,5.04,4.7,4.9,5.36,4.8,4.5,6.62,8.0,7.55,5.09,5.07,5.94,8.0,5.07,7.87,8.0,8.0,5.47,4.7,5.21,5.3,5.510000000000001,8.0,4.82,5.56,-,440797119.0,6.244237288135593,5.646,5.65888888888889,7.681428571428571,5.754444444444444,6.369999999999999,5.57125,8.0,6.935,8.0,5.57125,2.42875,PR,RE,C1=CC(=CC=C1C#CC2=C(C=CC(=C2)C(=O)NCCCC3=CNN=C3)C4=CC=NC=C4)F
828319,5.849999999999999,6.87,5.95,5.57,4.9,5.73,5.599999999999999,5.55,4.76,6.489999999999999,5.7,7.93,7.760000000000001,7.73,5.510000000000001,7.93,7.06,7.41,5.650000000000001,7.650000000000001,6.21,5.77,5.16,5.91,7.400000000000001,8.0,7.650000000000001,7.91,7.69,6.46,7.81,7.989999999999999,7.23,,6.830000000000001,6.37,7.239999999999999,7.59,5.830000000000001,7.7,7.13,6.13,5.22,7.11,5.760000000000001,6.400000000000001,7.54,5.45,6.21,4.63,5.419999999999999,5.57,5.760000000000001,7.13,5.919999999999999,6.919999999999999,7.150000000000001,5.55,7.19,6.09,-,440796816.0,6.51915254237288,5.828,6.671111111111111,7.332857142857143,7.571111111111112,6.157142857142858,6.46375,5.494999999999999,6.058333333333334,7.571111111111112,5.494999999999999,2.0761111111111124,ME,PR,CC1=CN=C(N=C1N2C=C(N=C2)C(=O)NC(CN)C3=CC(=CC(=C3)Cl)F)NC4CCOCC4
833632,6.71,7.17,6.71,7.53,7.3,7.46,7.62,7.59,6.97,7.68,7.21,7.45,7.6,7.37,7.3,7.52,6.63,4.91,5.0,7.55,4.83,5.09,4.57,5.24,6.92,7.02,7.06,6.78,6.87,7.14,7.13,6.9,6.74,,7.46,6.93,7.56,7.57,6.69,7.79,7.39,7.64,6.52,7.49,7.45,7.24,7.4,7.42,7.52,7.41,7.05,7.76,7.5,7.54,7.7,7.3,7.78,6.98,7.4,7.76,-,505080187.0,7.047796610169491,7.0840000000000005,7.283333333333333,6.968571428571429,6.9511111111111115,7.418571428571427,7.495,7.404999999999999,5.38,7.495,5.38,2.115,RE,LE,CC1=C(C2=C(C3(CC3)C(C(=O)C2=C1)(C)O)C)CNC(=O)C
835818,8.0,5.94,8.0,8.0,8.0,6.52,7.830000000000001,7.97,7.53,8.0,5.78,8.0,8.0,8.0,8.0,7.71,8.0,4.89,4.9,5.25,6.739999999999999,5.19,5.2,4.98,8.0,4.96,7.16,7.8,4.9,7.18,5.830000000000001,7.7,4.92,,7.73,7.98,7.64,7.87,7.97,8.0,8.0,5.650000000000001,8.0,8.0,8.0,8.0,7.48,8.0,7.36,8.0,7.7,7.54,7.580000000000001,8.0,8.0,7.61,7.94,8.0,8.0,7.84,-,459636738.0,7.233389830508474,7.587999999999999,7.648888888888889,7.514285714285714,6.4944444444444445,7.8342857142857145,7.87125,7.62,5.376666666666668,7.87125,5.376666666666668,2.494583333333332,RE,LE,C1=CC2=C(C(=C1)C(F)(F)F)NC(=O)C2(C3=CC=C(C=C3)O)C4=CC=C(C=C4)OC(F)(F)F
836019,7.58,4.15,4.0,7.17,7.37,7.03,7.41,7.47,7.21,7.43,7.13,4.19,5.1,7.03,4.8,6.39,4.0,6.64,7.37,7.29,7.07,7.46,6.13,7.56,7.34,4.77,7.3,4.0,4.0,6.95,5.6,7.52,5.57,,4.83,4.0,7.54,4.0,6.77,7.35,4.91,7.48,7.01,4.57,4.35,4.0,4.87,5.94,7.41,4.0,4.49,7.18,7.29,4.0,7.38,7.41,6.47,7.38,4.0,7.15,-,507548771.0,6.098474576271186,6.054,5.987777777777777,5.45,5.894444444444445,5.0200000000000005,6.385,5.835,7.146666666666667,7.146666666666667,5.0200000000000005,2.126666666666667,LE,OV,COC1=C(C=C2C(=C1)C3=C(C4=NC5=C(C=C4C3=O)OCO5)N(C2=O)CCCN6C=CN=C6)OC
836440,4.93,8.0,5.830000000000001,5.05,5.32,4.83,4.8,5.28,5.56,5.0,5.34,8.0,7.84,7.79,5.31,8.0,6.73,7.349999999999999,4.71,8.0,6.36,5.04,5.93,4.94,8.0,8.0,8.0,7.39,8.0,6.900000000000001,8.0,8.0,7.79,,6.77,6.75,7.330000000000001,7.59,6.010000000000001,7.75,7.06,5.15,4.84,7.44,4.84,4.91,7.79,4.88,6.099999999999999,4.84,5.07,4.91,4.85,7.16,5.54,4.92,6.69,6.64,7.29,6.21,-,461650696.0,6.36186440677966,5.8260000000000005,6.583333333333333,7.288571428571429,7.786666666666668,5.828571428571428,6.1625,4.99,5.829999999999999,7.786666666666668,4.99,2.7966666666666677,ME,PR,CC(C(=O)NC(CO)C1=CC(=CC(=C1)F)OC)N2CC3=C(C2=O)C=C(C=C3)C4=NC(=NC=C4Cl)NC5CCOCC5
