feature,mean_abs_shap
fp_2047,0.01349844904004275
fp_1861,0.011176512328771693
fp_2045,0.00934678561594854
fp_2042,0.007448944972136746
fp_1009,0.007339997669864356
fp_851,0.0072805125814198015
fp_2044,0.006937478394005841
fp_882,0.006807831156712556
fp_1347,0.006766523624466036
fp_646,0.006583396078336889
fp_825,0.006234561834980071
fp_1278,0.006121824064455631
fp_2038,0.006074838052785466
fp_1323,0.005889240639128202
fp_893,0.005829195750535573
fp_2046,0.005301741018281574
fp_1551,0.004977437742402905
fp_594,0.004799344375502753
fp_2039,0.004716902304722679
fp_1735,0.004609641100101911
fp_170,0.004459890544811335
fp_1528,0.004442264977442415
fp_1104,0.00438557073967796
fp_1089,0.004374827579429487
fp_622,0.004314203803310997
fp_479,0.00421230318077032
LogP,0.004064946967881654
fp_1375,0.004016722377798063
fp_155,0.004004630495784921
fp_2041,0.003992331550936075
fp_2040,0.003943115651554302
fp_587,0.0037971360306241473
fp_491,0.0035279332930193714
fp_2043,0.003483941430140103
fp_368,0.003454632505080822
fp_353,0.003449212311184681
fp_1281,0.0034301646310377558
fp_881,0.0034035242325488255
fp_1807,0.0033914046526600473
fp_1464,0.0033874138252453193
fp_965,0.0033712982315245803
fp_1599,0.0033601352306860638
fp_1094,0.0032886877209574606
fp_1998,0.0031998031453072274
fp_951,0.003197243914291921
fp_1929,0.003172774972658479
fp_1474,0.0031263148211420895
fp_109,0.0030737189030181425
fp_963,0.0029466945937635506
fp_1135,0.002923609753092617
fp_970,0.002917762010000813
fp_273,0.0029107346996314174
fp_1047,0.002898061399425589
fp_1349,0.0028231210522373803
fp_471,0.0027771291200589503
fp_1611,0.0027658496256228317
fp_2016,0.002616772057076176
fp_668,0.0025851841833589018
fp_3,0.002435028812477022
fp_1491,0.0024331493240476484
fp_711,0.002430394820821923
fp_850,0.002372076083073761
fp_313,0.0022989564271885584
fp_641,0.0022950034435568483
fp_634,0.0022773163565918486
fp_731,0.002260395382266619
fp_1936,0.002218119234164146
fp_284,0.0021984664315971543
fp_1447,0.00214494867286023
fp_1007,0.002135782747640402
fp_69,0.0021260139455382136
fp_916,0.002121363720766431
fp_706,0.002058951162077835
fp_1315,0.002052657002302091
fp_212,0.0020503340489864902
fp_1798,0.0020500041818997104
fp_1068,0.0020354484090631324
fp_776,0.0020343320160238153
fp_1142,0.002014837054779044
fp_974,0.0019795262720711552
fp_79,0.0019765445787166378
fp_1150,0.0019618641797589566
fp_1025,0.0019586562992893256
fp_281,0.0019384104194798467
fp_2031,0.001929052371405095
fp_555,0.0019224042894236493
fp_1554,0.0018659976490359052
fp_1565,0.0018527125542114312
fp_1761,0.0018256085995736896
fp_1078,0.001784670312963559
fp_1226,0.0017796195123910873
fp_31,0.0017172372404860312
fp_1189,0.0017108061977275614
fp_1399,0.0016659321839897839
fp_346,0.001651064484917806
fp_1656,0.0016388365845813753
fp_1901,0.0016211196945119452
fp_192,0.00160237250891201
fp_1927,0.0015633228847560911
fp_925,0.001559296761650089
fp_1800,0.001554995382175641
fp_478,0.0015304291291535147
fp_312,0.0015053803517408133
fp_871,0.0014995492122853408
fp_1593,0.001496475867524387
fp_814,0.0014957959839104794
fp_1911,0.00148521372296299
fp_1826,0.0014745480993591687
fp_1050,0.0014508194310116343
fp_1989,0.0014189409308167972
fp_304,0.0014106019201086423
fp_1153,0.0013949042892932996
fp_613,0.0013934482419058996
fp_379,0.001391534008606021
fp_342,0.0013855858715326433
fp_1204,0.0013578975742661774
fp_157,0.0013459782774033783
fp_1988,0.0013340035948244183
fp_70,0.0013329105507453446
fp_204,0.001332513794710276
fp_1592,0.0013248310492654273
fp_1018,0.0013244046405569319
fp_1442,0.0013155298889880576
fp_1443,0.0013085688963338981
fp_1732,0.0012933846698895658
fp_784,0.0012787214642164858
fp_777,0.0012727405251465127
fp_1318,0.001256187159617096
fp_1887,0.0012491236247299399
fp_1968,0.0012484177276471926
fp_1247,0.0012353984564659895
fp_589,0.001228798345314213
fp_1845,0.0012174932798049499
fp_981,0.0012087608483931562
fp_1660,0.0012030872107249243
fp_657,0.001190222917599764
fp_1806,0.001189147472711976
fp_305,0.0011836322445931886
fp_1821,0.0011790570556701868
fp_1472,0.0011778820564558863
fp_833,0.0011717947678048268
fp_806,0.0011563300666131216
fp_685,0.0011516689139576904
fp_1470,0.0011484100999510133
fp_847,0.0011275575590994678
fp_1673,0.0011198346293722608
fp_793,0.001118376409390955
fp_373,0.001116391061516928
fp_680,0.0011156739788817575
fp_1918,0.0011105733348053422
fp_956,0.0010982984675051146
fp_223,0.001098230471178114
fp_949,0.0010886500850684913
fp_1712,0.001072715145836284
fp_1526,0.0010699363297781061
fp_328,0.001055561054231412
fp_1981,0.0010531723919316397
fp_794,0.001047357604721082
fp_1568,0.0010452674632401937
fp_187,0.0010373694662287334
fp_1490,0.0010321210570299684
fp_1714,0.0010289429723387288
fp_1381,0.0010247654604310255
fp_880,0.0010163875950885603
fp_957,0.001007684849276246
HeavyAtoms,0.0010036335243225258
fp_1960,0.0009979085314817616
fp_1496,0.0009735958310105611
fp_1994,0.0009731072795299633
fp_684,0.0009705406871802637
fp_1597,0.0009619670547196005
fp_11,0.0009548700511157489
fp_910,0.0009505479795864843
fp_966,0.0009463909683765648
fp_1412,0.0009416483249724823
fp_809,0.0009409141462844313
fp_831,0.0009252636130724651
fp_708,0.000924117702718175
fp_534,0.0009182797022117985
fp_239,0.000915763827159169
fp_797,0.0009140815755149423
fp_21,0.0009059498211646404
fp_563,0.0008997670765716945
fp_1523,0.0008991403793339614
fp_184,0.0008879664114087392
fp_896,0.0008859179841970327
fp_1575,0.0008856747194053677
fp_1058,0.0008808329854073679
fp_1502,0.0008784629956584965
fp_135,0.0008728042679906899
fp_908,0.0008604624837624266
fp_1856,0.0008584012398835911
fp_1895,0.0008511030605887313
fp_1147,0.0008509268695399187
fp_221,0.0008475846437179943
fp_454,0.0008393034711328026
fp_364,0.0008390524351380848
fp_96,0.0008383619411629853
fp_541,0.0008277801524206687
fp_93,0.0008230357711604927
fp_1233,0.0008121389059254605
fp_854,0.0008109853829230878
fp_1762,0.000803712025085667
fp_1907,0.0008008246517392062
fp_775,0.0007969931575934551
fp_1367,0.0007965265404665868
fp_614,0.000792647933497205
fp_1744,0.0007880715829756204
fp_901,0.0007779993427726079
fp_107,0.0007713921326641123
fp_632,0.0007712900367670004
fp_28,0.0007662529242855773
fp_703,0.0007639645263329323
fp_64,0.0007579878020854639
fp_300,0.0007543629721690899
fp_779,0.0007486184810498724
fp_617,0.0007372785744704327
fp_42,0.0007363184483034739
fp_1400,0.0007317784035222904
fp_1420,0.0007287605966656321
fp_130,0.0007268864505127654
fp_1157,0.0007258565423293359
fp_1365,0.0007237103337307473
fp_813,0.000722389827525035
fp_538,0.0007133432621433075
fp_663,0.0007099185798380632
fp_148,0.000700304669043517
fp_1087,0.0006953867971475634
fp_886,0.0006947207193616938
fp_689,0.0006856142604825318
fp_704,0.0006855528257141152
fp_144,0.0006774267206619039
fp_1686,0.0006760612854067711
fp_1970,0.0006748349428065452
fp_577,0.0006723697434984735
fp_279,0.0006704189547163447
fp_1223,0.0006692794989272394
fp_1041,0.0006650351852999207
fp_1842,0.0006618631653212292
fp_453,0.0006578915189432646
fp_1941,0.0006555398907809899
fp_325,0.0006551553665004764
fp_1773,0.0006542680804013765
fp_1616,0.0006508674863547599
fp_1430,0.0006478194586923063
fp_994,0.0006476210610318789
fp_771,0.0006323040032243957
fp_2024,0.0006298504713941312
fp_1882,0.0006274824592027223
fp_1082,0.0006243737713811421
fp_1060,0.0006175677532315066
fp_705,0.0006149745642828408
fp_1378,0.0006146737511453483
fp_1542,0.0006135876095128528
fp_1818,0.0006128466937458376
fp_356,0.0006116126657543339
fp_1355,0.0006112929058254226
fp_1774,0.0006105109627748663
fp_1198,0.0006070162713840598
fp_502,0.0005968149442218386
fp_1671,0.000596672778135425
fp_292,0.0005926851622153953
fp_361,0.0005901632066189963
fp_1657,0.0005899600601984875
fp_1677,0.0005883803061073518
fp_1952,0.0005860199345210586
fp_1161,0.0005847902713953387
fp_1679,0.0005831246117846047
fp_1090,0.0005818338524383244
fp_1357,0.0005817256622676587
fp_905,0.000580841699977921
fp_1734,0.0005767660602002936
fp_442,0.0005726500272421642
fp_699,0.000571447169572302
fp_1269,0.0005687907063562644
fp_1251,0.0005686881898845017
fp_1768,0.0005677162502565047
fp_1393,0.0005657117804814235
fp_1077,0.0005637033598949223
fp_1339,0.0005597978307023691
fp_133,0.000559263439977317
fp_1985,0.0005567404931832136
fp_104,0.0005562616719889491
fp_889,0.0005561501892532313
fp_1293,0.0005528866450792925
fp_1271,0.0005448534999610913
fp_476,0.0005436478419033159
fp_735,0.0005429689259025966
fp_812,0.0005389579631449684
fp_922,0.0005357143933851647
fp_1781,0.0005311066216471382
fp_219,0.000526906743295955
fp_588,0.0005257708787734021
fp_639,0.0005171362835588615
fp_542,0.0005157091604923547
fp_116,0.0005142958267975478
fp_260,0.0005139925915486093
fp_557,0.0005100483460449315
fp_1426,0.0005087232782522785
fp_628,0.000501200650022971
fp_835,0.0004881279436274718
fp_1040,0.00048736123552578915
fp_1687,0.0004843317253746015
fp_1302,0.0004821448184019268
fp_162,0.00048033382148980527
fp_665,0.0004776231422380378
fp_201,0.00047741750158710117
fp_233,0.0004724509767818751
fp_1708,0.0004720836659551747
fp_1794,0.00047072886646798846
fp_1295,0.00047070900004321633
fp_1092,0.00046939558750500455
fp_1454,0.00046850492873926877
fp_984,0.0004680120762120089
fp_1377,0.00046722851592176444
fp_826,0.00046395499793039884
fp_331,0.0004623893534048802
fp_316,0.00045973236112449876
fp_1594,0.00045947272338259953
fp_656,0.00045938793286373543
fp_1999,0.00045676061662700777
fp_1793,0.0004529875600959776
fp_1921,0.0004528328018395736
fp_816,0.0004507402230285111
fp_1029,0.0004506586998904291
fp_818,0.00044967453421327963
fp_1830,0.0004484240788958222
HBD,0.0004479438801290862
fp_1750,0.0004473664787732071
fp_1232,0.0004456649511068726
fp_978,0.0004451321137513932
fp_1206,0.00044443937671272187
fp_106,0.00044348244426214994
fp_91,0.0004415336784350892
fp_1498,0.0004370569506492741
fp_1312,0.00043656429666103603
fp_498,0.0004358433056160677
fp_596,0.0004351558338711516
fp_49,0.00043499392603734875
fp_964,0.0004347096847144519
fp_1152,0.0004322206081856364
fp_1737,0.0004313066737032059
fp_25,0.00043060513971555214
fp_1210,0.00043056527934438264
fp_1867,0.0004297490111593824
fp_1740,0.00042958906637613947
fp_1462,0.0004295079690367467
fp_422,0.00042820107154996605
fp_189,0.0004271065685122047
fp_578,0.0004263268683512551
fp_1620,0.00042520575833981055
fp_1406,0.00042411316315486884
fp_1723,0.00042080622135552557
fp_183,0.0004192466937352223
fp_1494,0.0004178836367457284
fp_2037,0.0004171155236896491
fp_2011,0.0004161174088550483
fp_438,0.00041476422632224884
fp_729,0.00041366756824142824
fp_1883,0.00041071679486688747
fp_1797,0.00041065190902280445
fp_865,0.0004045360256185253
fp_217,0.00040435606610825773
fp_969,0.0004032591825311717
fp_940,0.0004015178140161932
fp_1459,0.0003980149758343566
fp_752,0.00039678585200690354
fp_1307,0.00039578453833057737
fp_593,0.00039174459795342573
fp_551,0.00039107098362407133
fp_110,0.0003889419642983477
fp_1017,0.00038803682977315304
fp_1154,0.00038755308194592087
fp_513,0.00038633967503982696
fp_213,0.0003862344445177343
fp_601,0.00038602067051503444
fp_682,0.00038294293660352406
fp_461,0.0003827561139269841
fp_399,0.00038068487331292025
fp_311,0.00038027967460629533
fp_1675,0.00037671705960378826
fp_1126,0.0003756218481640362
fp_1946,0.00037546021332232274
fp_1525,0.00037475794624721484
fp_2034,0.00037426631051270273
fp_1559,0.00037333863793248946
fp_1145,0.0003723881821700796
fp_1815,0.0003720246661886778
fp_1024,0.0003689225718883105
fp_582,0.00036676743365764413
fp_674,0.00036610288247336667
fp_1116,0.0003656387621056359
fp_1483,0.00036563809267981835
fp_1466,0.00036443138001732676
fp_367,0.00036388029009579154
fp_114,0.0003637828873130593
fp_181,0.0003633581656409038
fp_276,0.00036263098173346765
fp_374,0.0003599899631373659
fp_1878,0.0003561633873368053
fp_1465,0.0003558301666470829
fp_152,0.00035334669902149915
fp_264,0.0003496302786783451
fp_1500,0.00034817040194485275
fp_1589,0.0003478024133679627
fp_1627,0.00034776727172472396
fp_1691,0.0003427120792516485
fp_640,0.0003426475796185943
fp_1156,0.00034229070155112907
fp_1214,0.00034173475572034297
fp_398,0.00034005262632369704
fp_651,0.0003375398191091113
fp_1727,0.0003374344867918876
fp_1488,0.0003358370989754189
fp_548,0.0003341957772594096
fp_432,0.000333653353257376
fp_446,0.00033346132633745615
fp_1705,0.0003303348673241125
fp_62,0.0003294357806504689
fp_1033,0.00032886596059168634
fp_531,0.00032832255321274263
fp_168,0.00032749277864595563
fp_1056,0.00032704752998047787
fp_1439,0.0003267278908139629
fp_679,0.00032593338149978146
fp_1570,0.00032560526836399777
fp_427,0.00032375082648479644
fp_878,0.0003237432503054553
fp_1534,0.000323106137471255
fp_726,0.00032278665171576304
fp_405,0.00032212494149535024
fp_1618,0.0003221090604122684
fp_1346,0.0003211165562961599
fp_1298,0.0003195629488662822
fp_1951,0.0003179095050248357
fp_869,0.00031507004965560756
fp_698,0.000314992987830029
fp_1900,0.00031214435573184896
fp_774,0.0003119049268919952
fp_1277,0.00031178387211709685
fp_1300,0.0003106596272129871
fp_736,0.00030993589779934274
fp_1836,0.0003083665223288998
fp_1477,0.0003081502186770842
fp_80,0.0003062680894386613
fp_1039,0.0003059889802864215
fp_1563,0.0003033312065939778
fp_1016,0.000302943021939833
fp_77,0.0003019976065151401
fp_1547,0.00030169643181605514
fp_466,0.000301650126401347
fp_824,0.00030082224626834183
fp_524,0.00029971152947924406
fp_241,0.00029906059198274155
fp_822,0.0002985442938427184
fp_1975,0.0002979223643034786
fp_626,0.00029639226617506623
fp_1274,0.00029503735307778186
fp_1843,0.0002941936426575661
fp_323,0.00029271034548115536
fp_715,0.00029190802774318217
fp_567,0.00028895547064560525
fp_2022,0.0002883260522305074
fp_1963,0.0002878950771674611
fp_792,0.000287517961401211
fp_1202,0.00028717368079471216
fp_1067,0.00028388693351639473
fp_796,0.00028159615573728527
fp_105,0.0002811337917258447
fp_1334,0.0002795272919035801
fp_1184,0.0002791068644167665
fp_927,0.0002785013477820865
fp_1272,0.00027602962668166404
fp_1444,0.00027550769435727044
fp_1647,0.00027467741816129154
fp_788,0.0002733706625636994
fp_1613,0.0002728259470461307
fp_509,0.0002726741629745796
fp_1096,0.0002722858619222485
fp_877,0.0002715349850774119
fp_1912,0.00026913629661498415
fp_1218,0.00026902565216437594
fp_1743,0.000267975147590772
fp_581,0.0002666790687623867
fp_1299,0.00026653749539320916
fp_1309,0.0002632037684777654
fp_421,0.00026302096629381643
fp_1913,0.00026214602745964127
fp_1987,0.0002617086109130829
fp_340,0.00026114608545674744
fp_1097,0.00026080226653333146
fp_449,0.00026069523757701283
fp_493,0.00026007039141638606
fp_1971,0.0002595460333891068
fp_636,0.00025864221777505803
fp_753,0.0002579542722921444
fp_1216,0.00025743094404427413
fp_1395,0.00025667751488032216
fp_519,0.0002561257569424963
fp_266,0.0002558246738468006
fp_345,0.0002550737257272832
fp_1331,0.00025504814148159924
fp_377,0.00025446586572253776
fp_301,0.0002540721263349653
fp_592,0.0002537847081583488
fp_944,0.00025274846243534334
fp_670,0.0002517175848632898
fp_1431,0.00025169000636000307
fp_381,0.00025139414350578245
fp_1063,0.0002500678376972242
fp_899,0.00024968528308078866
fp_749,0.00024908531051832944
fp_773,0.0002483857179002893
fp_611,0.00024838458442515886
fp_1637,0.00024822476506833915
fp_2035,0.00024822060785268746
fp_734,0.00024777886030803394
fp_463,0.0002468992226095658
fp_1282,0.0002466487811373928
fp_1475,0.0002445541928499549
fp_362,0.0002443848769098457
fp_87,0.0002441731572178887
fp_355,0.00024376650042578845
fp_1511,0.00024268964596645977
fp_999,0.00024176555684486068
fp_677,0.00024041060735112017
fp_868,0.0002380832961975594
fp_1791,0.00023736225668981193
fp_1262,0.00023704276215452542
fp_137,0.000236681967004474
fp_267,0.0002361911920372162
fp_1664,0.00023410682720890203
fp_968,0.00023354857504116554
fp_844,0.000232957691448964
fp_573,0.00023255728850590291
fp_199,0.00023253157228320863
fp_1530,0.00023242297591308966
fp_193,0.00023201269882405594
fp_1799,0.00023152860393918205
fp_1772,0.0002298143010056845
fp_744,0.00022959318261441222
fp_474,0.00022944390345655183
fp_1695,0.00022904386850791162
fp_627,0.000228930097165711
fp_1839,0.0002288784931275843
fp_1376,0.00022871836194799462
fp_1707,0.00022818485037271212
fp_1160,0.0002275888851234451
fp_808,0.000226941829146544
fp_1814,0.00022605897251006264
fp_1093,0.00022523538987378802
fp_206,0.00022514045604664598
fp_436,0.00022464207459862211
fp_1561,0.00022448749152338763
fp_1257,0.00022363215719993978
fp_1974,0.00022250388565809974
fp_1920,0.00022111145208237855
fp_1328,0.00022110452215445614
fp_94,0.0002179996551579345
fp_1075,0.00021718104715031663
fp_1728,0.00021651621325136748
fp_1614,0.0002152138926963527
fp_1943,0.00021518553812430394
fp_287,0.0002148921922874483
fp_664,0.00021304782934183596
fp_1949,0.00021197236795309765
fp_76,0.00021194088143748952
fp_2030,0.00021131410048971018
fp_1085,0.00021111823121664635
fp_930,0.00021086004201562603
fp_174,0.00021071384147389635
fp_1812,0.00021052491337350177
fp_713,0.000209100100415717
fp_1264,0.00020826996569178874
fp_2015,0.00020817417978768183
fp_1607,0.00020810058553154427
fp_1286,0.0002077805771168009
fp_120,0.00020718456032878268
fp_1629,0.00020712879011928041
fp_1681,0.0002067999216432725
fp_1239,0.00020405086426330605
fp_630,0.00020366643376999426
fp_1771,0.00020362102507001317
fp_1208,0.00020288438274051364
fp_1619,0.00020271194077308146
fp_1518,0.000202569869440853
fp_1168,0.00020189398447969294
fp_1228,0.0002018279614430126
fp_500,0.0002016619651249236
fp_1,0.00020126490520430584
fp_921,0.00020119374341321408
fp_1928,0.00020112821335280197
fp_1516,0.00020081242488503812
fp_35,0.00020033940471911256
fp_1881,0.0001991907856495594
fp_1688,0.00019914124582178403
fp_2012,0.0001988019199298134
fp_92,0.00019850002660194187
fp_693,0.0001983158412918377
fp_1014,0.0001979478246457278
fp_32,0.0001977622764505766
fp_1924,0.0001976683146609181
fp_1980,0.00019717010125458136
fp_1811,0.00019657706820264316
fp_1437,0.00019645414096612903
fp_2028,0.00019586343557477463
fp_1215,0.0001947859457599921
fp_1576,0.00019465381319612782
fp_271,0.00019447007596849191
fp_400,0.00019422984207463235
fp_1382,0.000193950653880305
fp_600,0.00019339133226875182
fp_1337,0.0001930784151717918
fp_481,0.00019218976412249894
fp_740,0.0001921522422985047
fp_1134,0.00019214538300525694
fp_1086,0.00019199405810945512
fp_1362,0.0001917096996069774
fp_1260,0.0001904718009863125
fp_420,0.00019044853525608215
fp_242,0.00019017500750850405
HBA,0.0001893942444746921
fp_1174,0.00018925740450917393
fp_1713,0.0001886656106920309
fp_692,0.0001884370127878561
fp_939,0.00018776534195902577
fp_274,0.00018770565006935794
fp_1468,0.0001875331787286486
fp_2008,0.0001870459305610473
fp_644,0.0001866349558624674
fp_1996,0.00018595968188785965
fp_134,0.00018582773609081098
fp_154,0.0001857151442631709
fp_468,0.00018512612645312502
fp_801,0.00018510126948157758
fp_2023,0.00018490065798987387
fp_1682,0.00018391109355059816
fp_1308,0.0001838446754017821
fp_1510,0.00018297852793701708
fp_1628,0.00018277956880440385
fp_382,0.00018264149130964747
fp_1641,0.00018221176601601857
fp_765,0.00018112195219273142
fp_1571,0.0001807439197384026
fp_1392,0.0001801946523878643
fp_1926,0.00018015241047902687
fp_780,0.00017980626135821918
fp_1813,0.00017928945268330763
fp_898,0.00017925486781147101
fp_483,0.00017903858821327067
fp_1886,0.0001788588401133312
fp_1361,0.0001773848180111639
fp_1405,0.00017721933477539203
fp_344,0.00017704267498950995
fp_1716,0.0001768688280182632
fp_992,0.00017676116235524153
fp_1374,0.0001765761531070331
fp_1822,0.00017612781007885482
fp_1091,0.0001757239187041527
fp_1461,0.0001757191718714638
fp_1111,0.00017562215162490863
fp_1129,0.00017530130740030535
fp_447,0.00017391280445214688
fp_1846,0.00017341256554268428
fp_859,0.00017302624628126007
fp_610,0.00017249637500357836
fp_245,0.00017229567132421382
fp_892,0.0001717770173499598
fp_428,0.00017173413769638833
fp_1118,0.00017170752394779485
fp_719,0.000171677748323218
fp_525,0.00017162800682281497
fp_754,0.00017127140975248495
fp_785,0.0001711409310399776
fp_1507,0.00017048275284666252
fp_1932,0.00017044455911981792
fp_1837,0.00017039966977029522
fp_1434,0.00016947655107294363
fp_590,0.00016816324888148775
fp_401,0.00016786737586488068
fp_1303,0.00016706080011740824
fp_724,0.0001669508439180475
fp_718,0.00016555419771477903
fp_1476,0.00016512618367244794
fp_338,0.0001648690706189817
fp_1053,0.00016430259902338953
fp_917,0.0001642850850153782
fp_739,0.00016415887547408588
fp_887,0.00016413376515229098
fp_2019,0.00016384754050338546
fp_1944,0.00016350630062284625
fp_1962,0.0001634067275402026
fp_418,0.0001633425256945172
fp_445,0.0001616653524246608
fp_1163,0.0001601927966055103
fp_1954,0.0001592591466127565
fp_1755,0.0001582756664472571
fp_1520,0.0001574551045389265
fp_1169,0.000156741720325691
fp_1356,0.0001566771612661227
fp_669,0.0001555245557750978
fp_1133,0.0001546939758702047
fp_1655,0.00015466201392690538
fp_272,0.00015415717621133427
fp_258,0.0001540937349013169
fp_1579,0.0001537332322001391
fp_580,0.00015327105963868615
fp_1425,0.0001527524331586968
fp_158,0.00015261305976679312
fp_286,0.00015215288009092585
fp_1648,0.0001519277616470237
fp_431,0.00015191333330740538
fp_1471,0.00015010133251159105
fp_182,0.00015005638235718883
TPSA,0.00014978787438363868
fp_1148,0.00014974185042665786
fp_971,0.00014950037140605487
fp_556,0.00014731826963879725
fp_1108,0.00014702525389780717
fp_197,0.00014682700776639957
fp_1562,0.00014671655303200807
fp_1358,0.00014630586097732443
fp_1435,0.00014601721644284387
fp_487,0.00014567640391486292
fp_764,0.00014555550414664477
fp_1955,0.00014538843592569133
fp_1341,0.00014418717669435443
fp_564,0.00014313809403168273
fp_477,0.0001426642078306941
fp_1792,0.00014260913321577844
fp_1275,0.00014223468923756967
fp_97,0.00014219103487427868
fp_1493,0.0001421211190944564
fp_1171,0.00014160417879073833
fp_1276,0.00014136643865412333
fp_1736,0.00014113046052618877
fp_1310,0.00014081514016307114
fp_1038,0.00014039087987224549
fp_1763,0.0001401420325555592
fp_1165,0.00013997815596154424
fp_1037,0.0001399376159981983
fp_145,0.0001396918998105033
fp_232,0.00013952545761471364
fp_343,0.00013939716723614389
fp_458,0.00013919504399768256
fp_879,0.00013896173112952097
fp_1003,0.00013842549661646729
fp_1741,0.00013834177264034214
fp_1285,0.00013767666205312607
fp_1863,0.0001376527683708069
fp_655,0.00013736762468857133
fp_1544,0.00013726290385964983
fp_967,0.000137030329541251
fp_433,0.0001367168175264106
fp_397,0.0001357232428481523
fp_72,0.0001355347014746254
fp_288,0.00013535098439113616
fp_4,0.0001353333129339564
fp_1557,0.00013517951885138013
fp_1064,0.00013507230138389535
fp_993,0.00013493373811301199
fp_1313,0.00013490635729095752
fp_1051,0.00013480663890617182
fp_246,0.000134232820850365
fp_1130,0.00013358098729670113
fp_1036,0.0001334073602072464
fp_1982,0.0001332804584447076
fp_933,0.0001332251671746239
fp_1834,0.00013287327611250207
fp_1789,0.00013217006444061848
fp_13,0.00013126030711953126
fp_2032,0.00013064122503254427
fp_30,0.00013060998475122954
fp_1748,0.0001305747428498834
fp_560,0.00013047905793052384
fp_50,0.0001302048202199556
fp_84,0.00012972575071927437
fp_1747,0.00012950513885307856
fp_191,0.0001291936945736559
fp_1144,0.00012871241012558902
fp_225,0.00012847764279978388
fp_658,0.00012836980458412543
fp_1132,0.00012813377014048781
fp_954,0.00012758919520276018
fp_1632,0.0001270969660742002
fp_834,0.0001270836272183657
fp_494,0.00012703207776426225
fp_1449,0.00012686240124855074
fp_839,0.0001266242141910139
fp_34,0.00012653892259572506
fp_842,0.00012653869448642365
AromaticRings,0.00012623776294875478
RingCount,0.00012612624758243836
fp_1948,0.0001254472839087057
fp_1492,0.0001233689975101335
fp_514,0.00012264411508258115
fp_113,0.00012255699257994248
fp_391,0.00012244972268092233
fp_1615,0.00012160795729749056
fp_1808,0.00012119480924776823
fp_1902,0.000120063234083449
fp_1379,0.00012005173311581103
fp_1253,0.00011920080226481933
fp_247,0.00011897698328874555
fp_319,0.00011821860951481831
fp_1155,0.00011809106129657807
fp_317,0.00011784668101556153
fp_1942,0.00011777515813019036
fp_1910,0.00011745590055033017
fp_948,0.00011691076167336485
fp_1000,0.00011654268892970338
fp_1617,0.00011630465491215455
fp_1833,0.00011607148510184317
fp_9,0.00011605741070831233
fp_1080,0.00011552397689901234
fp_1545,0.00011542614263468674
fp_990,0.00011450510332920136
fp_1207,0.00011439791815221312
fp_1553,0.00011354125876960422
fp_1101,0.00011349427058583127
fp_384,0.00011321603665903777
fp_1416,0.00011303101072876524
fp_43,0.00011283288431827424
fp_44,0.00011208496715385998
fp_408,0.00011131655370527747
fp_1683,0.00011098757585363497
fp_1450,0.00011084524283214808
fp_828,0.00011079124661001459
fp_1601,0.0001105251377815416
fp_547,0.00011038147238089385
fp_196,0.00011032723574880241
fp_860,0.00011031473201848218
fp_360,0.00011010866813386667
fp_1939,0.00011010706049116382
fp_1782,0.00010983506179864841
fp_66,0.00010968775540748398
fp_315,0.00010889056700637838
fp_1240,0.00010860176578489552
fp_1940,0.00010788321940978962
fp_1978,0.00010720973756955439
fp_906,0.00010682078792233072
fp_1877,0.00010632161504526366
fp_1802,0.00010607221506766466
fp_15,0.00010550359756416782
fp_1402,0.00010547811609956737
fp_647,0.00010525198370873118
fp_566,0.00010500303974458914
fp_520,0.00010495870957657945
fp_885,0.00010486010795727522
fp_385,0.00010463252134488942
fp_208,0.00010374046842393264
fp_1558,0.00010298470995111825
fp_1004,0.00010268748187007523
fp_631,0.00010264765479515006
fp_552,0.00010217481353406787
fp_743,0.000102039323027105
fp_122,0.00010125898342278349
fp_1598,0.00010114200995383825
fp_1455,0.0001006815360736997
fp_111,9.996867624553971e-05
fp_1879,9.961847807294834e-05
fp_618,9.916966403850426e-05
fp_1959,9.904697354247479e-05
fp_1246,9.894255986812125e-05
fp_720,9.8697697561802e-05
fp_543,9.836485380923262e-05
fp_222,9.799598594670901e-05
fp_1324,9.789664865823781e-05
fp_827,9.751373098975165e-05
fp_1175,9.724924975568275e-05
fp_676,9.723302137633277e-05
fp_1292,9.713497720849622e-05
fp_1048,9.681760537988684e-05
fp_875,9.668607158676645e-05
fp_1715,9.667713700099319e-05
fp_767,9.609136203634509e-05
fp_810,9.604242887275048e-05
fp_1976,9.589660387076892e-05
fp_1564,9.520308594438152e-05
fp_163,9.509757162342617e-05
fp_18,9.50819803012007e-05
fp_1267,9.468909143374667e-05
fp_53,9.468871841530253e-05
fp_637,9.436270744607117e-05
fp_1721,9.404424350289406e-05
fp_1621,9.381906454938117e-05
fp_1230,9.369331097581506e-05
fp_1410,9.354218766826906e-05
fp_202,9.349225750996175e-05
fp_517,9.329829891318893e-05
fp_1128,9.31740355175277e-05
fp_950,9.302548153814093e-05
fp_309,9.29382508571825e-05
fp_255,9.274447469209496e-05
fp_448,9.27312536053277e-05
fp_278,9.262220928704418e-05
fp_907,9.25416107728069e-05
fp_1424,9.238752719522649e-05
fp_1352,9.22325106767994e-05
fp_1109,9.209666626986914e-05
fp_1809,9.17062783241843e-05
fp_295,9.16530385886214e-05
fp_59,9.158661534798811e-05
fp_1560,9.147551016056847e-05
fp_1676,9.120218699615242e-05
fp_1180,9.043364260971728e-05
fp_862,9.028652637846379e-05
fp_1008,8.969431473825504e-05
fp_465,8.95954941379604e-05
fp_1529,8.945185864600549e-05
fp_1002,8.928430130984614e-05
fp_409,8.883739003914499e-05
fp_576,8.86132455981377e-05
fp_55,8.849324193621098e-05
fp_1600,8.847999567311727e-05
fp_450,8.845036496273554e-05
fp_516,8.8308437174376e-05
fp_1577,8.808309842797897e-05
fp_1979,8.788055012439548e-05
fp_1754,8.768985598769128e-05
fp_943,8.73861368221104e-05
fp_1421,8.736447023949186e-05
fp_33,8.726362149197635e-05
fp_1758,8.721698091635659e-05
fp_497,8.715983011832964e-05
fp_766,8.709816659102258e-05
fp_19,8.706445684704417e-05
fp_683,8.704650755666498e-05
fp_1646,8.65195352245719e-05
fp_672,8.632046933702218e-05
fp_710,8.614012367565503e-05
fp_1123,8.559579694831123e-05
fp_915,8.557053418565962e-05
fp_227,8.556982300312234e-05
fp_1245,8.527692950461842e-05
fp_763,8.507705107806319e-05
fp_1110,8.476494812166525e-05
fp_737,8.4258231988281e-05
fp_220,8.422104857763813e-05
fp_100,8.414691478747166e-05
fp_1185,8.402881078674833e-05
fp_290,8.383403666957142e-05
fp_575,8.36092785913221e-05
fp_1953,8.350336545178699e-05
fp_1401,8.312290877042257e-05
fp_83,8.260415811650352e-05
fp_845,8.217913350395817e-05
fp_39,8.214975542775831e-05
fp_1099,8.183291375522812e-05
fp_1044,8.176615924957168e-05
fp_123,8.135846253252216e-05
fp_1638,8.133186748685092e-05
fp_867,8.124998395704645e-05
fp_1965,8.094669946188015e-05
fp_1242,8.055320584231131e-05
fp_1759,8.052048889363456e-05
fp_855,8.034567506299315e-05
fp_2,8.024971582176223e-05
fp_748,8.016570507098387e-05
fp_1622,7.982942714499378e-05
fp_285,7.978220245803329e-05
fp_562,7.927113150468577e-05
fp_2010,7.906942605164737e-05
fp_540,7.872862123888998e-05
fp_728,7.866421960766601e-05
fp_78,7.858761748514477e-05
fp_800,7.852200451079386e-05
fp_1391,7.710486426183598e-05
fp_1043,7.664037893781202e-05
fp_1947,7.642289831813301e-05
fp_1042,7.62141996043932e-05
fp_444,7.54528945543459e-05
fp_437,7.52786576202721e-05
fp_341,7.522941767033885e-05
fp_1991,7.521463542319609e-05
fp_1653,7.506874631524405e-05
fp_811,7.474330170492158e-05
fp_1335,7.467106873015726e-05
fp_195,7.443254065669102e-05
fp_527,7.387577234259111e-05
fp_1704,7.38285627923946e-05
fp_1642,7.362250509171968e-05
fp_1211,7.350537125746246e-05
fp_1022,7.345920818038142e-05
fp_1370,7.341673985155337e-05
fp_1828,7.31840185832265e-05
fp_224,7.296598973671942e-05
fp_2006,7.295309339154015e-05
fp_57,7.288387355532778e-05
fp_329,7.288154630967161e-05
fp_1696,7.115168182343187e-05
fp_1209,7.109319953532318e-05
fp_821,7.097237860421539e-05
fp_1212,7.087659529770981e-05
fp_250,7.063765817689225e-05
fp_469,7.034140946303968e-05
fp_1850,7.032847970856029e-05
fp_1389,7.010846577304811e-05
fp_237,6.999016800707957e-05
fp_924,6.981236416000024e-05
fp_1227,6.970555236249888e-05
fp_1199,6.937448793484429e-05
fp_73,6.924029702155897e-05
fp_366,6.886883569185829e-05
fp_1685,6.861330473758262e-05
fp_1122,6.828759700981206e-05
fp_512,6.828539283974278e-05
fp_138,6.81536614039951e-05
fp_995,6.799783056919238e-05
fp_455,6.798964513116574e-05
fp_823,6.723256749575123e-05
fp_599,6.721721352657192e-05
fp_403,6.71161234920639e-05
fp_229,6.69532253706569e-05
fp_1964,6.689052123308206e-05
fp_10,6.67808909577252e-05
fp_1824,6.655031924270156e-05
fp_817,6.651991835967072e-05
fp_769,6.624835095213096e-05
fp_1453,6.617382038887334e-05
fp_451,6.614994283756168e-05
fp_1413,6.584307447491126e-05
fp_909,6.579785032466685e-05
fp_1139,6.56760814024927e-05
fp_82,6.556443312713474e-05
fp_1506,6.542218075760254e-05
fp_931,6.526914777681662e-05
fp_799,6.51487365685628e-05
fp_1489,6.510437372907908e-05
fp_1787,6.507990268148431e-05
fp_210,6.50005313016728e-05
fp_1995,6.49931041304226e-05
fp_1726,6.458432231314272e-05
fp_1074,6.428315823347214e-05
fp_1606,6.413564760787184e-05
fp_1254,6.398318439272812e-05
fp_142,6.391011261413989e-05
fp_1624,6.386981719286982e-05
fp_1566,6.356268241511855e-05
fp_895,6.354612976669039e-05
fp_1138,6.338263353305761e-05
fp_1725,6.329879874308298e-05
fp_74,6.326391560803021e-05
fp_603,6.322300831848315e-05
fp_742,6.281076152781205e-05
fp_1408,6.272724307609851e-05
fp_1177,6.238417523889272e-05
fp_1643,6.232683716681613e-05
fp_1137,6.210025633110159e-05
fp_1394,6.170200440426005e-05
fp_714,6.151231748158035e-05
fp_352,6.146819456958064e-05
fp_1124,6.13211914861882e-05
fp_1852,6.109311561237447e-05
fp_619,6.108775045458608e-05
fp_643,6.073518712761388e-05
fp_1364,6.058434699614922e-05
fp_1582,6.04699359517229e-05
fp_1273,6.023968976938177e-05
fp_75,5.992141921534313e-05
fp_412,5.962203139866996e-05
fp_357,5.9171090381393775e-05
fp_856,5.915173665591059e-05
fp_976,5.910764815085211e-05
fp_231,5.899155736272545e-05
fp_518,5.873203587926776e-05
fp_1183,5.868002325278951e-05
fp_1680,5.850934685991918e-05
fp_1460,5.830907479103808e-05
fp_349,5.828411535973791e-05
fp_324,5.817267006277336e-05
fp_139,5.7464126287429947e-05
fp_1745,5.7379731821890137e-05
fp_695,5.7372906347533767e-05
fp_108,5.729736429655929e-05
fp_1289,5.7274102325140746e-05
fp_1720,5.726548459886816e-05
fp_1244,5.706832899937372e-05
fp_363,5.694494463873291e-05
fp_673,5.628200415586093e-05
fp_1100,5.62525304543602e-05
fp_1659,5.607030497443144e-05
fp_991,5.5927499444340264e-05
fp_235,5.577085984402644e-05
fp_387,5.574084949173607e-05
fp_1549,5.5724333549109025e-05
fp_240,5.5431777056310375e-05
fp_1862,5.513037105548919e-05
fp_1162,5.5008442482939116e-05
fp_480,5.497460250167445e-05
fp_1849,5.4784974898651576e-05
fp_1440,5.475532191830175e-05
fp_642,5.457177071968554e-05
fp_1572,5.426091846429293e-05
fp_171,5.4190426392048176e-05
fp_1497,5.41666639062627e-05
fp_1945,5.4150866686802846e-05
fp_402,5.410160214722381e-05
fp_1841,5.388174351115421e-05
fp_1031,5.381373590348159e-05
fp_1423,5.3809557390808435e-05
fp_1906,5.3285409204192126e-05
fp_687,5.306517028739791e-05
fp_467,5.2995567225946765e-05
fp_1478,5.289779357745019e-05
fp_1065,5.285202690819095e-05
fp_937,5.2789006688810766e-05
fp_565,5.2190671003361754e-05
fp_574,5.179413887417596e-05
fp_633,5.1719168775597106e-05
fp_23,5.1673949548621106e-05
fp_1690,5.1318729544206126e-05
fp_58,5.118219326753265e-05
fp_602,5.10230987998257e-05
fp_1343,5.063966930399847e-05
fp_762,5.0514929356224096e-05
fp_440,5.017168083604466e-05
fp_1635,4.9462774311764915e-05
fp_620,4.930557934611653e-05
fp_1445,4.9142918204326325e-05
fp_1851,4.884784627181631e-05
fp_544,4.8700462402319625e-05
fp_1603,4.86473094988645e-05
fp_1045,4.8629946122432296e-05
fp_1522,4.8622387501762214e-05
fp_1291,4.829938285473758e-05
fp_727,4.8082410610288905e-05
fp_667,4.786062370306136e-05
fp_1342,4.772657453686979e-05
fp_376,4.764255903347084e-05
fp_485,4.721419454334073e-05
fp_1733,4.7050117623459026e-05
fp_537,4.7038913098184044e-05
fp_71,4.696609087306423e-05
fp_1776,4.633569856208291e-05
fp_8,4.6077480930896825e-05
fp_1235,4.603856472009265e-05
fp_1835,4.543583618653697e-05
fp_1539,4.519866616964463e-05
fp_307,4.500086505655105e-05
fp_441,4.493264873455369e-05
fp_1722,4.4831701318507735e-05
fp_1718,4.459677496962813e-05
fp_1019,4.456570292461571e-05
fp_1890,4.4023755937753395e-05
fp_1481,4.389924814931585e-05
fp_24,4.368677876316713e-05
fp_1314,4.350296114965317e-05
fp_804,4.347579995987318e-05
fp_1386,4.339701310158325e-05
fp_283,4.3268839549232936e-05
fp_330,4.324423575101483e-05
fp_214,4.3120687218929434e-05
fp_1875,4.3097259897133346e-05
fp_1205,4.308505107738e-05
fp_1703,4.306982002419051e-05
fp_416,4.298578175954046e-05
fp_1079,4.283410325368636e-05
fp_608,4.278890964764409e-05
fp_203,4.2717197744115405e-05
fp_1495,4.2714616394643495e-05
fp_1414,4.2708787177945764e-05
fp_1585,4.269218338730561e-05
fp_1069,4.268385712152457e-05
fp_1533,4.261488634872749e-05
fp_393,4.250640936995294e-05
fp_277,4.2320305179491664e-05
fp_1482,4.2168841610944855e-05
fp_1371,4.213300548828065e-05
fp_253,4.1516805083177276e-05
fp_1181,4.102790818328788e-05
fp_1905,4.102529721801298e-05
fp_1532,4.096319552529127e-05
fp_1265,4.0864396033902314e-05
fp_545,4.06532911453092e-05
fp_413,4.058445708603884e-05
fp_321,4.056500664819345e-05
fp_1517,4.0417281500752175e-05
fp_1784,4.024844841632079e-05
fp_127,3.997923842624275e-05
fp_1224,3.9975007411178383e-05
fp_932,3.995128704176023e-05
fp_1256,3.989706344134572e-05
fp_299,3.986412917228546e-05
fp_2027,3.9786483677041095e-05
fp_1418,3.9702342439949186e-05
fp_1446,3.963148959515946e-05
fp_1634,3.9548328003247035e-05
fp_1076,3.938197788304441e-05
fp_423,3.917485568275865e-05
fp_177,3.8976855407170255e-05
fp_1499,3.892337827867405e-05
fp_716,3.8730815242226364e-05
fp_1801,3.862971705508206e-05
fp_1983,3.846016848412294e-05
fp_259,3.84199437427116e-05
fp_1001,3.839942229117188e-05
fp_1785,3.833275327254963e-05
fp_1780,3.830767580525552e-05
fp_2013,3.821645726647315e-05
fp_268,3.808458812835907e-05
fp_1698,3.7935222723031446e-05
fp_228,3.7914997655759854e-05
fp_430,3.781592877678737e-05
fp_852,3.776712279816259e-05
fp_866,3.7603861748642895e-05
fp_85,3.748669736372094e-05
fp_14,3.743664319429797e-05
fp_1909,3.7176954660183457e-05
fp_0,3.709625329080995e-05
fp_1143,3.6997437026188856e-05
fp_790,3.6908950984894605e-05
fp_1170,3.683164809622263e-05
fp_1125,3.6521006117939595e-05
fp_425,3.645520804709293e-05
fp_1203,3.6396767375576076e-05
fp_1166,3.625387670838889e-05
fp_1639,3.609090542741465e-05
fp_535,3.603520783145764e-05
fp_56,3.594268837672566e-05
fp_65,3.5900333585470064e-05
fp_20,3.572471258799833e-05
fp_333,3.551876551110591e-05
fp_902,3.551477652110283e-05
fp_511,3.5433908369072606e-05
fp_417,3.5293066655053495e-05
fp_1117,3.519661884062059e-05
fp_291,3.519335465246942e-05
fp_1661,3.494723418531158e-05
fp_1321,3.464434534467713e-05
fp_302,3.454650740543587e-05
fp_294,3.422208420482404e-05
fp_973,3.4214976378109034e-05
fp_1015,3.406886899415824e-05
fp_521,3.401392119767227e-05
fp_252,3.3915559596164406e-05
fp_115,3.378788652598515e-05
fp_146,3.371140851592431e-05
fp_1848,3.3675877507606616e-05
fp_1756,3.357527247699543e-05
fp_504,3.3479888332591015e-05
fp_424,3.338186773472762e-05
fp_1724,3.327327040062216e-05
fp_36,3.3052988304202515e-05
fp_435,3.2988896422810754e-05
fp_1259,3.2918846118679575e-05
fp_888,3.287644410981744e-05
fp_832,3.282833310377426e-05
fp_1778,3.265131434897105e-05
fp_836,3.253479078082599e-05
fp_1786,3.247424024385829e-05
fp_659,3.2334191675415224e-05
fp_365,3.229433475400543e-05
fp_1922,3.2278484942929256e-05
fp_803,3.206382114821423e-05
fp_1485,3.156125508982333e-05
fp_1458,3.152551383222936e-05
fp_147,3.144036272954578e-05
fp_733,3.137163044431745e-05
fp_462,3.1314171730853474e-05
fp_1327,3.1224590591055727e-05
fp_118,3.1005825357514835e-05
fp_770,3.094132232939366e-05
fp_1290,3.0896997009661025e-05
fp_1706,3.071457016298831e-05
fp_1930,3.031748968007551e-05
fp_1823,3.031020358526494e-05
fp_1131,3.0195170215989495e-05
fp_1035,3.0171815180184547e-05
fp_216,3.007282891277586e-05
fp_1436,3.005304228178635e-05
fp_691,3.002693267834083e-05
fp_945,2.9906622270753932e-05
fp_2014,2.9591812900220057e-05
fp_1479,2.9585538781879014e-05
fp_29,2.9358401420618916e-05
fp_1752,2.934718153310839e-05
fp_99,2.917692913328468e-05
fp_339,2.9171401338796773e-05
fp_616,2.9021528578293052e-05
fp_1407,2.881157168763169e-05
fp_947,2.8792087677667e-05
fp_508,2.874408253120005e-05
fp_359,2.869763436221005e-05
fp_1353,2.8653105207181066e-05
fp_1810,2.8638924874452383e-05
fp_572,2.847756785459343e-05
fp_709,2.843664150180143e-05
fp_249,2.8360677818200296e-05
fp_837,2.8279115661178966e-05
fp_161,2.8146903971375596e-05
fp_230,2.8132467389733972e-05
fp_1005,2.8123994718191298e-05
fp_883,2.7976449788280786e-05
fp_375,2.795168200309619e-05
fp_1338,2.777455607083535e-05
fp_997,2.7536967733000405e-05
fp_263,2.751913625065291e-05
fp_136,2.736967091172594e-05
fp_757,2.7265520264580783e-05
fp_1173,2.7263747457599914e-05
fp_700,2.7261808334102187e-05
fp_495,2.7230311129359044e-05
fp_169,2.7138649069554356e-05
fp_1684,2.710776012857446e-05
fp_781,2.703578034031565e-05
fp_1088,2.7014212493001374e-05
fp_1865,2.686028646720084e-05
fp_1505,2.6717156951260167e-05
fp_1106,2.6631326756003666e-05
fp_2002,2.6332512635863834e-05
fp_952,2.622246126861398e-05
fp_1021,2.619710741247295e-05
fp_722,2.6111198543045673e-05
fp_1986,2.592903592493148e-05
fp_1284,2.5818924574795162e-05
fp_1904,2.5689708209671677e-05
fp_571,2.5685161915000652e-05
fp_962,2.560639721354154e-05
fp_1891,2.558436939958695e-05
fp_707,2.5502845540793883e-05
fp_1268,2.5314726828350942e-05
fp_1250,2.5244103948651513e-05
fp_501,2.5241379089747743e-05
fp_1419,2.518760032672474e-05
fp_938,2.5172521638371914e-05
fp_1588,2.516311233601219e-05
fp_1866,2.5057193840631542e-05
fp_1711,2.4883927598481684e-05
fp_1028,2.4867518751706326e-05
fp_238,2.469695481667495e-05
fp_554,2.4661237470569657e-05
fp_151,2.402466087993854e-05
fp_1417,2.3883572872070502e-05
fp_2003,2.3574747808310526e-05
fp_612,2.3483878339927763e-05
fp_1294,2.337527486124016e-05
fp_1898,2.3294318125433285e-05
fp_653,2.3273092809836767e-05
fp_67,2.3152204621244998e-05
fp_1167,2.3068659160314507e-05
fp_1972,2.303996542385781e-05
fp_1433,2.3028885920748566e-05
fp_102,2.302515732157455e-05
fp_1316,2.3020664053295272e-05
fp_1610,2.2984534342748524e-05
fp_1083,2.298276121501073e-05
fp_1032,2.2830779628495602e-05
fp_1916,2.2787244383387208e-05
fp_490,2.2746534137324078e-05
fp_553,2.2654650729835437e-05
fp_1694,2.2383636692149987e-05
fp_390,2.2323222481652146e-05
fp_1501,2.2122633443916308e-05
fp_1164,2.186978314358639e-05
fp_712,2.1797298827757445e-05
fp_1222,2.1771006397181256e-05
fp_1055,2.1716121683853603e-05
fp_1136,2.156562655712687e-05
fp_791,2.1537578529506443e-05
fp_648,2.1486263567852392e-05
fp_1354,2.1485515382106985e-05
fp_1011,2.1332121669877507e-05
fp_60,2.1326948618386515e-05
fp_1730,2.1312204767063696e-05
fp_550,2.122031009700248e-05
fp_758,2.1057855374152766e-05
fp_159,2.103446459270241e-05
fp_1350,2.0977372366958214e-05
fp_936,2.069422091331858e-05
fp_1194,2.056018828604711e-05
fp_128,2.021804969619132e-05
fp_1729,2.0176875481421697e-05
fp_1931,1.9972005967324634e-05
fp_37,1.9875164282767442e-05
fp_1739,1.9672239348879326e-05
fp_172,1.9654714394682193e-05
fp_873,1.9634176616710168e-05
fp_597,1.9612471614094553e-05
fp_730,1.948899007833856e-05
fp_1596,1.937685938632081e-05
fp_787,1.9288936880537775e-05
fp_1587,1.9280555405172596e-05
fp_2025,1.927382359485729e-05
fp_51,1.9266020369716576e-05
fp_492,1.9258803549401566e-05
fp_1923,1.922837939017912e-05
fp_1193,1.9209010514737164e-05
fp_52,1.9100460971136794e-05
fp_1804,1.901983705636916e-05
fp_530,1.873595625600442e-05
fp_1805,1.8691290851280476e-05
fp_176,1.8586563386463578e-05
fp_1385,1.8373017191546254e-05
fp_1317,1.8301424841794065e-05
fp_1263,1.822628188798003e-05
fp_1140,1.8177309892825142e-05
fp_1012,1.8173189901165617e-05
fp_98,1.8163677916253256e-05
fp_2007,1.8102634823725844e-05
fp_1297,1.802261666090075e-05
fp_215,1.7964099917414548e-05
fp_332,1.7942611166655176e-05
fp_805,1.7848093866158274e-05
fp_306,1.774306228254785e-05
fp_849,1.7596770834059765e-05
fp_119,1.754282748086367e-05
fp_1266,1.753299079790553e-05
fp_623,1.7408701537006154e-05
fp_1574,1.7356734231465735e-05
fp_863,1.7331032853875515e-05
fp_48,1.7276244386166128e-05
fp_1360,1.7273319935473875e-05
fp_371,1.7189543421294594e-05
fp_186,1.7076804751392245e-05
fp_635,1.697286378504828e-05
fp_1746,1.692795521649692e-05
fp_326,1.6902684638570837e-05
fp_1652,1.6874142624973722e-05
fp_1248,1.6705659737474324e-05
fp_1654,1.6659299765775154e-05
fp_90,1.657080449116163e-05
fp_1456,1.646842702134055e-05
fp_1552,1.642081236084658e-05
fp_489,1.6270204478089993e-05
fp_188,1.6255595246949817e-05
fp_1658,1.6146783828874095e-05
fp_1894,1.6117989425446764e-05
fp_26,1.608930732952131e-05
fp_1158,1.5929539220405966e-05
fp_1403,1.5859334705361898e-05
fp_717,1.5847002835279143e-05
fp_308,1.578562782185926e-05
fp_1384,1.5724487783743306e-05
fp_1605,1.5653693772226124e-05
fp_1186,1.555895983854032e-05
fp_1415,1.5549259469916425e-05
fp_2004,1.5525206456725086e-05
fp_585,1.551537468236892e-05
fp_1590,1.5274455894211796e-05
fp_1699,1.525882440736035e-05
fp_1997,1.518813644266007e-05
fp_987,1.5157207171499613e-05
fp_579,1.5065015873818709e-05
fp_1853,1.5049840505907345e-05
fp_802,1.497167137295722e-05
fp_686,1.491802303490165e-05
fp_132,1.4765191531475377e-05
fp_1992,1.4708309293500534e-05
fp_959,1.4525292602373113e-05
fp_1669,1.4329384662836109e-05
fp_1967,1.4240159812519954e-05
fp_1422,1.423394508389165e-05
fp_1832,1.4220299887804166e-05
fp_747,1.4098257601413541e-05
fp_89,1.3979173862614662e-05
fp_153,1.392609506756484e-05
fp_1844,1.3858096914926139e-05
fp_351,1.3761030183086097e-05
fp_1280,1.3741881314646578e-05
fp_1372,1.3726984841906847e-05
fp_419,1.3561830580916113e-05
fp_1775,1.3509303630030192e-05
fp_1023,1.3442522253309176e-05
fp_1057,1.3286157608486805e-05
fp_928,1.3255998474998006e-05
fp_1633,1.3202795971199103e-05
fp_499,1.3039836954526314e-05
fp_671,1.2999448807936697e-05
fp_1231,1.2931994736660349e-05
fp_209,1.2924706291704616e-05
fp_1369,1.2893275342021723e-05
fp_2033,1.2780676909689134e-05
fp_1366,1.253649880136026e-05
fp_1536,1.2473747859800806e-05
fp_1438,1.2309384834298755e-05
fp_570,1.2291681578561288e-05
fp_912,1.2276170313029512e-05
fp_911,1.2222925077312752e-05
fp_536,1.2194160679168991e-05
fp_1827,1.2128000597507847e-05
fp_741,1.2026852239043596e-05
fp_1644,1.1967703747563055e-05
fp_439,1.1897148519023033e-05
fp_1114,1.1882708948185494e-05
fp_12,1.1623250603703235e-05
fp_486,1.1590008447575561e-05
fp_1672,1.1588962616448512e-05
fp_979,1.1462039729394726e-05
fp_1555,1.145586277409771e-05
fp_1874,1.127338167735501e-05
fp_961,1.124708777887761e-05
fp_2020,1.1240905173973577e-05
fp_884,1.1239840194814516e-05
fp_853,1.1208611681262565e-05
fp_1296,1.1204159685111735e-05
fp_1855,1.1169144398486528e-05
fp_68,1.105206834726286e-05
fp_1098,1.104218743158462e-05
fp_772,1.100410396142348e-05
fp_1243,1.0975785257312226e-05
fp_690,1.0776511850558686e-05
fp_1514,1.0659372476951146e-05
fp_1320,1.0603390910660058e-05
fp_1200,1.0566992197097505e-05
fp_523,1.0565824114481562e-05
fp_1013,1.0463905673582862e-05
fp_1950,1.040961222143713e-05
fp_27,1.0328229100336343e-05
fp_1120,1.0088680029706434e-05
fp_894,9.9905991009047e-06
fp_1764,9.944384054106834e-06
fp_876,9.91525553685147e-06
fp_1709,9.915034794246722e-06
fp_1487,9.79100512496972e-06
fp_1753,9.714841298345373e-06
fp_1515,9.688895214426739e-06
fp_846,9.673431381305838e-06
fp_1889,9.670803601342615e-06
fp_370,9.56733558896291e-06
fp_701,9.532437506257117e-06
fp_298,9.311313711181955e-06
fp_1702,9.26153256514936e-06
fp_1326,9.149085388317336e-06
fp_1990,9.131773230387133e-06
fp_1769,9.105114719446326e-06
fp_1779,9.096464514844852e-06
fp_1229,8.912645604003003e-06
fp_234,8.839936768287247e-06
fp_756,8.79328861259998e-06
fp_982,8.664031971816352e-06
fp_378,8.568884639522016e-06
fp_1034,8.563722034279506e-06
fp_1937,8.506171365244522e-06
fp_1441,8.360885997874401e-06
fp_1665,8.351610202884788e-06
fp_265,8.284850931180135e-06
fp_761,8.281811539502299e-06
fp_1319,8.128785081749897e-06
fp_983,8.084312341644855e-06
fp_1662,8.031569651280433e-06
fp_456,7.949273346817621e-06
fp_1241,7.924398572451626e-06
fp_1306,7.907983118102703e-06
fp_335,7.900105431838878e-06
fp_1546,7.784239655204605e-06
fp_1580,7.644529103783498e-06
fp_1760,7.566626525764905e-06
fp_1788,7.3269246890744874e-06
fp_327,7.222052968144097e-06
fp_654,7.067028082125951e-06
fp_1609,7.031087893864347e-06
fp_996,6.935322480770021e-06
fp_1480,6.9352006288583614e-06
fp_16,6.886500681051017e-06
fp_1329,6.868069468155558e-06
fp_380,6.820297514383949e-06
fp_1509,6.709652617106452e-06
fp_1584,6.676482070493476e-06
fp_190,6.602090962995235e-06
fp_1508,6.5742903176586065e-06
fp_1061,6.5074938849606686e-06
fp_1608,6.487682998183445e-06
fp_1934,6.450651191804123e-06
fp_1751,6.358443370870977e-06
fp_1363,6.270326060675265e-06
fp_625,6.19862640223335e-06
fp_858,6.168309349518622e-06
fp_1121,6.096925877504538e-06
fp_125,5.993049535481841e-06
fp_1527,5.982816186610032e-06
fp_526,5.822864789649686e-06
fp_609,5.7839625809208445e-06
fp_591,5.77978156990072e-06
fp_1521,5.7506952312011415e-06
fp_586,5.7185464528911455e-06
fp_561,5.690366746092374e-06
fp_1868,5.673199891928299e-06
fp_721,5.583088693849089e-06
fp_1630,5.507518840552496e-06
fp_848,5.4926834520615366e-06
fp_1095,5.487647970245966e-06
fp_533,5.267529254486877e-06
fp_320,5.188421123094459e-06
fp_1838,5.127922434213894e-06
fp_629,5.068392963985729e-06
fp_1469,4.9719754466769895e-06
fp_131,4.713781810620454e-06
fp_1674,4.696503369319381e-06
fp_546,4.575783025868258e-06
fp_350,4.553863389373547e-06
fp_243,4.434744462611777e-06
fp_1717,4.434405257180526e-06
fp_697,4.410669032532408e-06
fp_460,4.396974936161928e-06
fp_1178,4.389976762552719e-06
fp_1819,4.377331304283641e-06
fp_1151,4.3736368665057715e-06
fp_1027,4.3365805933081255e-06
fp_1869,4.273751137476795e-06
fp_1030,4.216984131836027e-06
fp_986,4.151777642091888e-06
fp_694,4.142924950704993e-06
fp_946,4.1221224372424664e-06
fp_604,4.014183646894146e-06
fp_47,3.9606344715429e-06
fp_1387,3.8897441908967815e-06
fp_464,3.869149883896646e-06
fp_1054,3.780837080008773e-06
fp_1770,3.6300969323835205e-06
fp_1172,3.5548955743706674e-06
fp_101,3.521795466623289e-06
fp_1591,3.4965851813401884e-06
fp_337,3.4897530217020236e-06
fp_103,3.4763240311590784e-06
fp_167,3.4719181095229146e-06
fp_539,3.4381290340832195e-06
fp_666,3.368078586486483e-06
fp_675,3.305794769404751e-06
fp_1896,3.2737774252431277e-06
fp_38,3.1935974387217026e-06
fp_160,3.161652061754186e-06
fp_1766,3.045686502983659e-06
fp_7,3.037935514925945e-06
fp_484,3.02045151356992e-06
fp_443,2.9815233979687065e-06
fp_1537,2.9664284804043672e-06
fp_1742,2.9064456744162203e-06
fp_1141,2.7766979428919697e-06
fp_1102,2.726714707708351e-06
fp_1486,2.703989081027125e-06
fp_900,2.5737960980602476e-06
fp_783,2.484847842671251e-06
fp_1112,2.4367613525392276e-06
fp_1512,2.339106952300381e-06
fp_890,2.33149764889757e-06
fp_1373,2.315000895481758e-06
fp_1731,2.3067784584308277e-06
fp_1192,2.0809885165958457e-06
fp_1885,2.0238532535125603e-06
fp_1380,1.7878272458862827e-06
fp_392,1.784426076511181e-06
fp_605,1.7662111307362782e-06
fp_1583,1.6490360823526364e-06
fp_198,1.6352042084376615e-06
fp_248,1.6301529647209283e-06
fp_913,1.627735478853482e-06
fp_1010,1.600027443904659e-06
fp_840,1.5328818238331482e-06
fp_759,1.3150906374502907e-06
fp_117,1.2375192703212307e-06
fp_303,1.0304516206788859e-06
fp_410,6.333929907113558e-07
fp_1984,3.3893274721553467e-07
fp_621,2.4118854094654176e-18
fp_1961,1.679050310443638e-19
fp_830,8.481879921823744e-20
fp_1452,4.774185702706057e-21
fp_17,0.0
fp_185,0.0
fp_1899,0.0
fp_935,0.0
fp_2017,0.0
fp_934,0.0
fp_1897,0.0
fp_1146,0.0
fp_179,0.0
fp_929,0.0
fp_1893,0.0
fp_1892,0.0
fp_1301,0.0
fp_926,0.0
fp_1304,0.0
fp_180,0.0
fp_1903,0.0
fp_1305,0.0
fp_2036,0.0
fp_1149,0.0
fp_165,0.0
fp_960,0.0
fp_958,0.0
fp_166,0.0
fp_22,0.0
fp_1919,0.0
fp_955,0.0
fp_1917,0.0
fp_953,0.0
fp_1915,0.0
fp_1914,0.0
fp_1113,0.0
fp_1279,0.0
fp_173,0.0
fp_175,0.0
fp_1283,0.0
fp_1287,0.0
fp_1908,0.0
fp_1288,0.0
fp_178,0.0
fp_942,0.0
fp_941,0.0
fp_1888,0.0
fp_194,0.0
fp_923,0.0
fp_1115,0.0
fp_1860,0.0
fp_1859,0.0
fp_1858,0.0
fp_1857,0.0
fp_1330,0.0
FractionCSP3,0.0
fp_1854,0.0
fp_1332,0.0
fp_218,0.0
fp_226,0.0
fp_1333,0.0
fp_897,0.0
fp_1336,0.0
fp_1847,0.0
fp_891,0.0
fp_236,0.0
RotBonds,0.0
fp_1340,0.0
fp_1344,0.0
fp_244,0.0
fp_1840,0.0
fp_5,0.0
fp_1325,0.0
fp_903,0.0
fp_918,0.0
fp_1884,0.0
fp_1119,0.0
fp_200,0.0
fp_1880,0.0
fp_920,0.0
fp_205,0.0
fp_207,0.0
fp_1876,0.0
fp_919,0.0
fp_1873,0.0
fp_211,0.0
fp_1872,0.0
fp_1871,0.0
fp_1870,0.0
fp_6,0.0
fp_1311,0.0
fp_914,0.0
fp_1322,0.0
fp_904,0.0
fp_1864,0.0
fp_1925,0.0
fp_1107,0.0
fp_164,0.0
fp_1221,0.0
fp_1993,0.0
fp_1073,0.0
fp_1195,0.0
fp_1196,0.0
fp_1197,0.0
fp_1201,0.0
fp_81,0.0
fp_2021,0.0
fp_1052,0.0
fp_1049,0.0
fp_1046,0.0
fp_86,0.0
fp_1081,0.0
fp_88,0.0
fp_1213,0.0
fp_1026,0.0
fp_95,0.0
fp_1977,0.0
fp_1217,0.0
fp_1219,0.0
fp_1220,0.0
fp_63,0.0
fp_61,0.0
fp_1191,0.0
fp_1179,0.0
fp_45,0.0
fp_1072,0.0
fp_1071,0.0
fp_46,0.0
fp_1176,0.0
fp_1070,0.0
fp_2018,0.0
fp_2009,0.0
fp_40,0.0
fp_1182,0.0
fp_1190,0.0
fp_1066,0.0
fp_2005,0.0
fp_1062,0.0
fp_1187,0.0
fp_1188,0.0
fp_2001,0.0
fp_2000,0.0
fp_54,0.0
fp_1059,0.0
fp_1973,0.0
fp_1020,0.0
fp_972,0.0
fp_1084,0.0
fp_141,0.0
fp_2029,0.0
fp_143,0.0
fp_1345,0.0
fp_1252,0.0
fp_985,0.0
fp_149,0.0
fp_150,0.0
fp_1255,0.0
fp_1938,0.0
fp_1258,0.0
fp_980,0.0
fp_1935,0.0
fp_1261,0.0
fp_1105,0.0
fp_1933,0.0
fp_156,0.0
fp_977,0.0
fp_975,0.0
fp_1270,0.0
fp_41,0.0
fp_140,0.0
fp_1249,0.0
fp_988,0.0
fp_1958,0.0
fp_1969,0.0
fp_1159,0.0
fp_112,0.0
fp_1225,0.0
fp_1966,0.0
fp_1006,0.0
fp_1234,0.0
fp_121,0.0
fp_124,0.0
fp_1957,0.0
fp_989,0.0
fp_1956,0.0
fp_2026,0.0
fp_1236,0.0
fp_1103,0.0
fp_126,0.0
fp_1237,0.0
fp_1238,0.0
fp_129,0.0
fp_998,0.0
fp_1602,0.0
fp_1825,0.0
fp_874,0.0
fp_1719,0.0
fp_649,0.0
fp_1519,0.0
fp_645,0.0
fp_426,0.0
fp_429,0.0
fp_638,0.0
fp_434,0.0
fp_1524,0.0
fp_1678,0.0
fp_624,0.0
fp_452,0.0
fp_1531,0.0
fp_1535,0.0
fp_457,0.0
fp_1670,0.0
fp_1668,0.0
fp_1667,0.0
fp_1666,0.0
fp_1538,0.0
fp_459,0.0
fp_1663,0.0
fp_1540,0.0
fp_1541,0.0
fp_650,0.0
fp_1513,0.0
fp_1689,0.0
fp_662,0.0
fp_394,0.0
fp_395,0.0
fp_396,0.0
fp_404,0.0
fp_406,0.0
fp_681,0.0
fp_1710,0.0
fp_678,0.0
fp_407,0.0
fp_411,0.0
fp_661,0.0
fp_652,0.0
fp_1701,0.0
fp_1700,0.0
fp_660,0.0
fp_1503,0.0
fp_1697,0.0
fp_414,0.0
fp_415,0.0
fp_1504,0.0
fp_1693,0.0
fp_1692,0.0
fp_615,0.0
fp_1543,0.0
fp_1548,0.0
fp_510,0.0
fp_559,0.0
fp_503,0.0
fp_1626,0.0
fp_1625,0.0
fp_558,0.0
fp_1623,0.0
fp_505,0.0
fp_506,0.0
fp_507,0.0
fp_1578,0.0
fp_1581,0.0
fp_568,0.0
fp_515,0.0
fp_522,0.0
fp_1586,0.0
fp_1612,0.0
fp_1127,0.0
fp_549,0.0
fp_1595,0.0
fp_528,0.0
fp_529,0.0
fp_532,0.0
fp_1573,0.0
fp_1631,0.0
fp_607,0.0
fp_1645,0.0
fp_470,0.0
fp_472,0.0
fp_1550,0.0
fp_473,0.0
fp_606,0.0
fp_1651,0.0
fp_1650,0.0
fp_1649,0.0
fp_475,0.0
fp_482,0.0
fp_1556,0.0
fp_496,0.0
fp_488,0.0
fp_598,0.0
fp_1640,0.0
fp_595,0.0
fp_584,0.0
fp_583,0.0
fp_1636,0.0
fp_1567,0.0
fp_1569,0.0
fp_569,0.0
fp_688,0.0
fp_1484,0.0
fp_251,0.0
fp_389,0.0
fp_282,0.0
fp_289,0.0
fp_838,0.0
fp_1803,0.0
fp_1383,0.0
fp_1388,0.0
fp_293,0.0
fp_1390,0.0
fp_296,0.0
fp_297,0.0
fp_1796,0.0
fp_1795,0.0
fp_829,0.0
fp_820,0.0
fp_1790,0.0
fp_819,0.0
fp_815,0.0
fp_1396,0.0
fp_1397,0.0
fp_1398,0.0
fp_807,0.0
fp_1783,0.0
fp_310,0.0
fp_280,0.0
fp_841,0.0
fp_843,0.0
fp_1604,0.0
fp_1348,0.0
fp_1351,0.0
fp_254,0.0
fp_872,0.0
fp_1831,0.0
fp_256,0.0
fp_1829,0.0
fp_257,0.0
fp_870,0.0
fp_864,0.0
fp_261,0.0
fp_275,0.0
fp_1359,0.0
fp_262,0.0
fp_861,0.0
fp_1820,0.0
fp_857,0.0
fp_1368,0.0
fp_1817,0.0
fp_1816,0.0
fp_269,0.0
fp_270,0.0
fp_314,0.0
fp_1404,0.0
fp_798,0.0
fp_732,0.0
fp_348,0.0
fp_746,0.0
fp_745,0.0
fp_1451,0.0
fp_354,0.0
fp_358,0.0
fp_738,0.0
fp_1738,0.0
fp_1457,0.0
fp_369,0.0
fp_725,0.0
fp_1749,0.0
fp_372,0.0
fp_723,0.0
fp_1463,0.0
fp_1467,0.0
fp_1473,0.0
fp_702,0.0
fp_383,0.0
fp_386,0.0
fp_696,0.0
fp_388,0.0
fp_347,0.0
fp_1448,0.0
fp_795,0.0
fp_1765,0.0
fp_1777,0.0
fp_318,0.0
fp_1409,0.0
fp_1411,0.0
fp_789,0.0
fp_322,0.0
fp_786,0.0
fp_782,0.0
fp_778,0.0
fp_1767,0.0
fp_1427,0.0
fp_750,0.0
fp_1428,0.0
fp_1429,0.0
fp_768,0.0
fp_1432,0.0
fp_334,0.0
fp_760,0.0
fp_1757,0.0
fp_336,0.0
fp_755,0.0
fp_751,0.0
MolWt,0.0
